date,city,code,weather,is_rain,tmax,tmin,prcp_mm,wind_kmh,rhum_pct,fetched_date
2026-09-04,baoding,3,阴,0,29.9,19.3,0.0,7.1,63,2026-09-04
2026-09-04,baotou,3,阴,0,25.3,17.7,0.0,15.3,54,2026-09-04
2026-09-04,beijing,3,阴,0,33.9,21.9,0.0,8.3,39,2026-09-04
2026-09-04,botou,3,阴,0,29.9,17.4,0.0,10.3,67,2026-09-04
2026-09-04,cangzhou,3,阴,0,31.2,18.6,0.0,10.5,62,2026-09-04
2026-09-04,changchun,3,阴,0,24.8,14.6,0.0,9.4,69,2026-09-04
2026-09-04,changsha,80,阵雨,1,26.4,21.9,12.6,17.6,92,2026-09-04
2026-09-04,chengde,3,阴,0,30.6,15.4,0.0,7.6,58,2026-09-04
2026-09-04,chengdu,51,小毛毛雨,1,31.3,21.8,0.5,6.8,63,2026-09-04
2026-09-04,chifeng,3,阴,0,31.2,16.6,0.0,7.9,48,2026-09-04
2026-09-04,chongqing,3,阴,0,32.3,24.7,0.0,7.0,59,2026-09-04
2026-09-04,dalian,3,阴,0,27.1,22.0,0.0,16.1,66,2026-09-04
2026-09-04,eerduosi,3,阴,0,22.1,13.4,0.0,18.6,61,2026-09-04
2026-09-04,fuzhou,96,雷阵雨伴冰雹,1,30.5,25.3,17.5,13.0,85,2026-09-04
2026-09-04,guangzhou,51,小毛毛雨,1,28.6,23.7,0.2,12.2,76,2026-09-04
2026-09-04,guiyang,80,阵雨,1,22.4,16.3,5.0,15.9,81,2026-09-04
2026-09-04,haerbin,3,阴,0,25.4,13.4,0.0,6.3,73,2026-09-04
2026-09-04,haikou,51,小毛毛雨,1,28.3,25.8,0.8,23.3,72,2026-09-04
2026-09-04,hangzhou,53,毛毛雨,1,29.5,24.0,1.7,17.3,80,2026-09-04
2026-09-04,hefei,3,阴,0,27.9,21.6,0.0,15.7,74,2026-09-04
2026-09-04,huhehaote,3,阴,0,25.7,17.5,0.0,10.6,53,2026-09-04
2026-09-04,jinan,3,阴,0,30.5,18.7,0.0,14.8,53,2026-09-04
2026-09-04,jiuquan,2,多云,0,30.1,13.7,0.0,15.9,45,2026-09-04
2026-09-04,kunming,51,小毛毛雨,1,25.8,14.2,0.3,14.6,59,2026-09-04
2026-09-04,lanzhou,51,小毛毛雨,1,28.2,16.0,0.6,12.4,48,2026-09-04
2026-09-04,lasa,55,浓毛毛雨,1,18.3,11.7,9.5,10.4,78,2026-09-04
2026-09-04,liaocheng,3,阴,0,31.3,18.7,0.0,15.7,48,2026-09-04
2026-09-04,liupanshui,51,小毛毛雨,1,21.6,13.5,1.4,15.8,79,2026-09-04
2026-09-04,nanchang,53,毛毛雨,1,28.1,23.7,1.4,25.6,81,2026-09-04
2026-09-04,nanchong,3,阴,0,35.9,24.7,0.0,10.2,39,2026-09-04
2026-09-04,nanning,80,阵雨,1,27.0,22.9,3.3,13.8,77,2026-09-04
2026-09-04,shanghai,53,毛毛雨,1,30.7,25.4,3.4,17.4,76,2026-09-04
2026-09-04,shenyang,3,阴,0,28.8,17.7,0.0,9.8,58,2026-09-04
2026-09-04,shenzhen,3,阴,0,29.8,24.2,0.0,10.3,75,2026-09-04
2026-09-04,shijiazhuang,3,阴,0,28.8,17.5,0.0,7.1,66,2026-09-04
2026-09-04,taiyuan,3,阴,0,27.9,15.4,0.0,7.8,45,2026-09-04
2026-09-04,tianjin,3,阴,0,31.5,20.4,0.0,7.4,57,2026-09-04
2026-09-04,wuhai,3,阴,0,27.7,19.5,0.0,30.3,45,2026-09-04
2026-09-04,wuhan,3,阴,0,28.7,23.5,0.0,16.8,65,2026-09-04
2026-09-04,wulanhaote,3,阴,0,24.9,14.6,0.0,16.1,75,2026-09-04
2026-09-04,wulumuqi,3,阴,0,21.4,11.1,0.0,12.3,49,2026-09-04
2026-09-04,wuxi,51,小毛毛雨,1,29.5,23.8,0.7,19.1,79,2026-09-04
2026-09-04,xian,3,阴,0,30.1,19.5,0.0,11.8,50,2026-09-04
2026-09-04,xianyang,3,阴,0,28.8,19.3,0.0,17.5,46,2026-09-04
2026-09-04,xining,51,小毛毛雨,1,23.5,13.5,0.6,15.5,71,2026-09-04
2026-09-04,yanan,3,阴,0,25.8,11.9,0.0,9.2,63,2026-09-04
2026-09-04,yangzhou,3,阴,0,28.3,21.8,0.0,16.8,75,2026-09-04
2026-09-04,yantai,3,阴,0,28.7,22.4,0.0,17.8,71,2026-09-04
2026-09-04,yinchuan,3,阴,0,27.0,17.6,0.0,14.4,50,2026-09-04
2026-09-04,yulin,3,阴,0,23.2,14.5,0.0,18.3,59,2026-09-04
2026-09-04,zhangjiakou,3,阴,0,28.4,16.4,0.0,14.0,41,2026-09-04
2026-09-04,zhengzhou,0,晴,0,30.5,20.1,0.0,11.9,44,2026-09-04
2026-09-04,zibo,3,阴,0,31.9,17.4,0.0,13.9,56,2026-09-04
2026-09-05,baoding,3,阴,0,30.6,18.9,0.0,6.8,62,2026-09-05
2026-09-05,baotou,1,基本晴朗,0,27.5,15.5,0.0,16.4,49,2026-09-05
2026-09-05,beijing,3,阴,0,33.3,22.9,0.0,10.5,48,2026-09-05
2026-09-05,botou,3,阴,0,29.8,19.1,0.0,9.7,70,2026-09-05
2026-09-05,cangzhou,3,阴,0,30.4,19.6,0.0,11.8,69,2026-09-05
2026-09-05,changchun,3,阴,0,25.4,15.0,0.0,8.5,70,2026-09-05
2026-09-05,changsha,3,阴,0,28.4,21.9,0.0,15.4,80,2026-09-05
2026-09-05,chengde,3,阴,0,30.9,17.8,0.0,10.9,66,2026-09-05
2026-09-05,chengdu,51,小毛毛雨,1,32.0,22.1,0.1,8.2,68,2026-09-05
2026-09-05,chifeng,51,小毛毛雨,1,31.0,17.1,0.5,14.5,52,2026-09-05
2026-09-05,chongqing,51,小毛毛雨,1,34.4,25.6,0.3,7.4,62,2026-09-05
2026-09-05,dalian,3,阴,0,27.0,21.4,0.0,13.6,72,2026-09-05
2026-09-05,eerduosi,3,阴,0,26.1,12.0,0.0,16.7,59,2026-09-05
2026-09-05,fuzhou,80,阵雨,1,33.2,25.1,5.8,10.0,77,2026-09-05
2026-09-05,guangzhou,80,阵雨,1,31.8,23.4,3.3,4.3,84,2026-09-05
2026-09-05,guiyang,51,小毛毛雨,1,24.1,16.9,0.3,16.2,79,2026-09-05
2026-09-05,haerbin,3,阴,0,25.5,15.4,0.0,6.1,74,2026-09-05
2026-09-05,haikou,53,毛毛雨,1,28.6,25.1,2.1,17.9,81,2026-09-05
2026-09-05,hangzhou,53,毛毛雨,1,29.1,23.3,2.7,15.5,82,2026-09-05
2026-09-05,hefei,3,阴,0,28.2,20.7,0.0,8.8,75,2026-09-05
2026-09-05,huhehaote,0,晴,0,27.4,13.9,0.0,8.1,54,2026-09-05
2026-09-05,jinan,3,阴,0,31.1,19.5,0.0,15.7,55,2026-09-05
2026-09-05,jiuquan,3,阴,0,30.3,16.8,0.0,16.7,40,2026-09-05
2026-09-05,kunming,53,毛毛雨,1,25.0,15.2,0.9,13.9,64,2026-09-05
2026-09-05,lanzhou,3,阴,0,31.0,16.6,0.0,23.8,51,2026-09-05
2026-09-05,lasa,55,浓毛毛雨,1,18.5,10.9,2.7,10.3,78,2026-09-05
2026-09-05,liaocheng,3,阴,0,32.3,20.3,0.0,15.6,51,2026-09-05
2026-09-05,liupanshui,61,小雨,1,22.3,14.3,1.8,13.5,77,2026-09-05
2026-09-05,nanchang,1,基本晴朗,0,29.8,23.0,0.0,17.6,75,2026-09-05
2026-09-05,nanchong,51,小毛毛雨,1,37.1,26.4,0.3,13.1,43,2026-09-05
2026-09-05,nanning,53,毛毛雨,1,27.9,22.9,2.3,12.0,86,2026-09-05
2026-09-05,shanghai,51,小毛毛雨,1,30.5,24.4,0.4,16.1,74,2026-09-05
2026-09-05,shenyang,3,阴,0,28.6,18.7,0.0,8.5,66,2026-09-05
2026-09-05,shenzhen,80,阵雨,1,30.4,24.1,6.1,8.6,87,2026-09-05
2026-09-05,shijiazhuang,3,阴,0,30.4,17.4,0.0,6.3,67,2026-09-05
2026-09-05,taiyuan,3,阴,0,29.7,17.3,0.0,10.6,44,2026-09-05
2026-09-05,tianjin,3,阴,0,31.3,22.3,0.0,9.8,69,2026-09-05
2026-09-05,wuhai,3,阴,0,30.0,18.1,0.0,23.6,46,2026-09-05
2026-09-05,wuhan,3,阴,0,28.9,22.2,0.0,13.0,67,2026-09-05
2026-09-05,wulanhaote,3,阴,0,24.1,16.2,0.0,17.2,73,2026-09-05
2026-09-05,wulumuqi,3,阴,0,23.1,13.1,0.0,13.7,45,2026-09-05
2026-09-05,wuxi,51,小毛毛雨,1,29.2,23.7,0.2,17.0,78,2026-09-05
2026-09-05,xian,3,阴,0,32.7,21.8,0.0,10.2,51,2026-09-05
2026-09-05,xianyang,3,阴,0,31.4,21.3,0.0,18.6,48,2026-09-05
2026-09-05,xining,3,阴,0,24.2,11.2,0.0,14.8,68,2026-09-05
2026-09-05,yanan,51,小毛毛雨,1,26.6,14.5,0.2,10.2,67,2026-09-05
2026-09-05,yangzhou,51,小毛毛雨,1,28.7,21.9,0.1,13.7,79,2026-09-05
2026-09-05,yantai,3,阴,0,29.9,20.6,0.0,22.5,69,2026-09-05
2026-09-05,yinchuan,3,阴,0,30.5,16.0,0.0,15.3,55,2026-09-05
2026-09-05,yulin,1,基本晴朗,0,26.1,14.9,0.0,14.7,57,2026-09-05
2026-09-05,zhangjiakou,3,阴,0,30.6,18.0,0.0,14.6,42,2026-09-05
2026-09-05,zhengzhou,0,晴,0,31.0,20.7,0.0,8.7,47,2026-09-05
2026-09-05,zibo,3,阴,0,31.9,18.6,0.0,12.2,63,2026-09-05
2026-09-06,baoding,3,阴,0,29.9,18.8,0.0,6.9,72,2026-09-06
2026-09-06,baotou,3,阴,0,24.0,18.2,0.0,18.7,53,2026-09-06
2026-09-06,beijing,3,阴,0,31.4,22.3,0.0,11.2,59,2026-09-06
2026-09-06,botou,3,阴,0,29.7,18.7,0.0,10.8,74,2026-09-06
2026-09-06,cangzhou,3,阴,0,30.6,19.0,0.0,12.5,70,2026-09-06
2026-09-06,changchun,3,阴,0,27.1,16.2,0.0,8.3,74,2026-09-06
2026-09-06,changsha,1,基本晴朗,0,29.8,21.3,0.0,12.2,76,2026-09-06
2026-09-06,chengde,3,阴,0,29.5,17.8,0.0,6.0,75,2026-09-06
2026-09-06,chengdu,51,小毛毛雨,1,34.2,23.7,0.2,11.3,65,2026-09-06
2026-09-06,chifeng,3,阴,0,32.5,16.8,0.0,16.2,54,2026-09-06
2026-09-06,chongqing,1,基本晴朗,0,36.1,26.2,0.0,8.7,49,2026-09-06
2026-09-06,dalian,0,晴,0,26.5,22.3,0.0,13.6,68,2026-09-06
2026-09-06,eerduosi,3,阴,0,23.3,14.4,0.0,14.1,59,2026-09-06
2026-09-06,fuzhou,55,浓毛毛雨,1,33.8,25.1,1.9,11.3,74,2026-09-06
2026-09-06,guangzhou,95,雷阵雨,1,29.7,24.7,9.9,8.3,89,2026-09-06
2026-09-06,guiyang,3,阴,0,27.4,16.5,0.0,14.5,67,2026-09-06
2026-09-06,haerbin,3,阴,0,26.6,16.8,0.0,10.8,73,2026-09-06
2026-09-06,haikou,51,小毛毛雨,1,29.8,25.3,0.2,14.1,84,2026-09-06
2026-09-06,hangzhou,51,小毛毛雨,1,29.1,22.0,2.0,12.9,79,2026-09-06
2026-09-06,hefei,3,阴,0,29.3,21.1,0.0,9.9,75,2026-09-06
2026-09-06,huhehaote,3,阴,0,24.5,14.9,0.0,8.0,56,2026-09-06
2026-09-06,jinan,3,阴,0,31.5,20.5,0.0,11.0,50,2026-09-06
2026-09-06,jiuquan,51,小毛毛雨,1,22.4,13.6,0.7,21.1,53,2026-09-06
2026-09-06,kunming,53,毛毛雨,1,26.8,14.6,1.7,10.3,64,2026-09-06
2026-09-06,lanzhou,80,阵雨,1,24.6,17.7,3.6,15.3,65,2026-09-06
2026-09-06,lasa,55,浓毛毛雨,1,19.3,11.6,3.3,8.6,74,2026-09-06
2026-09-06,liaocheng,3,阴,0,32.6,21.0,0.0,11.9,52,2026-09-06
2026-09-06,liupanshui,51,小毛毛雨,1,25.3,13.5,0.7,15.1,74,2026-09-06
2026-09-06,nanchang,51,小毛毛雨,1,30.0,24.0,0.3,14.7,75,2026-09-06
2026-09-06,nanchong,51,小毛毛雨,1,37.3,27.3,0.2,14.2,46,2026-09-06
2026-09-06,nanning,53,毛毛雨,1,30.6,21.4,2.7,9.3,80,2026-09-06
2026-09-06,shanghai,51,小毛毛雨,1,29.1,24.0,2.1,13.8,73,2026-09-06
2026-09-06,shenyang,2,多云,0,30.0,20.3,0.0,9.8,62,2026-09-06
2026-09-06,shenzhen,95,雷阵雨,1,29.2,24.5,14.4,7.9,93,2026-09-06
2026-09-06,shijiazhuang,3,阴,0,30.0,18.4,0.0,6.3,69,2026-09-06
2026-09-06,taiyuan,3,阴,0,29.8,16.9,0.0,10.9,48,2026-09-06
2026-09-06,tianjin,3,阴,0,31.2,22.0,0.0,10.8,69,2026-09-06
2026-09-06,wuhai,51,小毛毛雨,1,26.6,20.0,0.1,26.0,55,2026-09-06
2026-09-06,wuhan,1,基本晴朗,0,31.7,21.5,0.0,13.6,57,2026-09-06
2026-09-06,wulanhaote,96,雷阵雨伴冰雹,1,26.8,14.1,16.2,27.9,80,2026-09-06
2026-09-06,wulumuqi,51,小毛毛雨,1,22.9,13.8,0.3,18.2,40,2026-09-06
2026-09-06,wuxi,51,小毛毛雨,1,28.5,22.3,1.5,15.1,80,2026-09-06
2026-09-06,xian,1,基本晴朗,0,35.0,22.4,0.0,15.5,47,2026-09-06
2026-09-06,xianyang,2,多云,0,32.2,21.6,0.0,20.9,46,2026-09-06
2026-09-06,xining,81,强阵雨,1,21.6,14.7,15.3,23.7,80,2026-09-06
2026-09-06,yanan,51,小毛毛雨,1,27.3,14.2,0.7,9.5,66,2026-09-06
2026-09-06,yangzhou,53,毛毛雨,1,27.9,20.7,2.1,16.0,81,2026-09-06
2026-09-06,yantai,0,晴,0,28.0,20.7,0.0,19.8,66,2026-09-06
2026-09-06,yinchuan,51,小毛毛雨,1,27.4,19.6,0.1,10.0,58,2026-09-06
2026-09-06,yulin,3,阴,0,25.6,15.8,0.0,18.0,57,2026-09-06
2026-09-06,zhangjiakou,3,阴,0,30.3,16.9,0.0,12.9,49,2026-09-06
2026-09-06,zhengzhou,3,阴,0,32.0,21.3,0.0,8.2,51,2026-09-06
2026-09-06,zibo,1,基本晴朗,0,32.2,20.6,0.0,13.8,54,2026-09-06
2026-09-07,baoding,51,小毛毛雨,1,29.4,20.3,0.8,19.4,76,2026-09-07
2026-09-07,baotou,53,毛毛雨,1,20.0,12.1,3.8,21.6,66,2026-09-07
2026-09-07,beijing,55,浓毛毛雨,1,30.7,20.4,5.8,15.8,65,2026-09-07
2026-09-07,botou,3,阴,0,29.9,20.3,0.0,17.1,71,2026-09-07
2026-09-07,cangzhou,51,小毛毛雨,1,30.3,20.7,0.8,16.8,70,2026-09-07
2026-09-07,changchun,53,毛毛雨,1,22.6,14.0,1.6,19.6,76,2026-09-07
2026-09-07,changsha,2,多云,0,30.6,20.9,0.0,7.1,78,2026-09-07
2026-09-07,chengde,80,阵雨,1,22.4,16.8,4.0,11.5,78,2026-09-07
2026-09-07,chengdu,3,阴,0,32.5,24.2,0.0,12.7,65,2026-09-07
2026-09-07,chifeng,51,小毛毛雨,1,21.2,13.3,1.7,24.2,69,2026-09-07
2026-09-07,chongqing,3,阴,0,36.9,26.3,0.0,7.9,48,2026-09-07
2026-09-07,dalian,3,阴,0,27.2,20.5,0.0,21.3,68,2026-09-07
2026-09-07,eerduosi,61,小雨,1,17.6,11.6,11.3,18.4,92,2026-09-07
2026-09-07,fuzhou,80,阵雨,1,32.0,24.5,5.9,13.5,77,2026-09-07
2026-09-07,guangzhou,51,小毛毛雨,1,32.7,24.7,1.0,8.0,82,2026-09-07
2026-09-07,guiyang,3,阴,0,26.9,16.7,0.0,13.0,75,2026-09-07
2026-09-07,haerbin,81,强阵雨,1,20.0,11.2,10.1,20.2,83,2026-09-07
2026-09-07,haikou,51,小毛毛雨,1,30.1,25.3,0.4,12.3,84,2026-09-07
2026-09-07,hangzhou,51,小毛毛雨,1,28.3,21.8,0.1,13.5,75,2026-09-07
2026-09-07,hefei,3,阴,0,29.7,20.8,0.0,10.7,73,2026-09-07
2026-09-07,huhehaote,53,毛毛雨,1,19.5,12.8,6.0,11.8,74,2026-09-07
2026-09-07,jinan,3,阴,0,31.8,21.4,0.0,15.6,51,2026-09-07
2026-09-07,jiuquan,81,强阵雨,1,13.9,11.3,23.2,16.9,89,2026-09-07
2026-09-07,kunming,55,浓毛毛雨,1,25.6,15.8,3.3,8.8,69,2026-09-07
2026-09-07,lanzhou,80,阵雨,1,19.2,15.9,9.4,9.7,83,2026-09-07
2026-09-07,lasa,81,强阵雨,1,17.0,11.4,7.9,6.9,80,2026-09-07
2026-09-07,liaocheng,3,阴,0,33.5,22.3,0.0,19.1,50,2026-09-07
2026-09-07,liupanshui,51,小毛毛雨,1,26.3,14.4,0.3,16.7,79,2026-09-07
2026-09-07,nanchang,0,晴,0,30.0,22.8,0.0,12.4,74,2026-09-07
2026-09-07,nanchong,3,阴,0,37.7,26.8,0.0,10.5,42,2026-09-07
2026-09-07,nanning,51,小毛毛雨,1,32.2,23.1,0.2,6.0,78,2026-09-07
2026-09-07,shanghai,51,小毛毛雨,1,29.4,23.1,1.5,15.3,68,2026-09-07
2026-09-07,shenyang,53,毛毛雨,1,25.0,16.0,0.5,18.8,71,2026-09-07
2026-09-07,shenzhen,53,毛毛雨,1,31.3,24.9,1.8,7.7,86,2026-09-07
2026-09-07,shijiazhuang,81,强阵雨,1,29.7,21.1,16.0,13.3,79,2026-09-07
2026-09-07,taiyuan,53,毛毛雨,1,28.1,19.6,2.6,17.3,63,2026-09-07
2026-09-07,tianjin,53,毛毛雨,1,29.7,20.5,3.1,15.8,68,2026-09-07
2026-09-07,wuhai,81,强阵雨,1,19.1,14.6,13.9,19.5,82,2026-09-07
2026-09-07,wuhan,3,阴,0,32.9,22.6,0.0,9.2,57,2026-09-07
2026-09-07,wulanhaote,81,强阵雨,1,18.1,11.7,13.7,19.4,69,2026-09-07
2026-09-07,wulumuqi,0,晴,0,28.4,11.3,0.0,17.0,29,2026-09-07
2026-09-07,wuxi,51,小毛毛雨,1,28.0,21.9,0.4,15.3,80,2026-09-07
2026-09-07,xian,53,毛毛雨,1,28.1,22.3,2.4,11.0,61,2026-09-07
2026-09-07,xianyang,51,小毛毛雨,1,27.0,22.2,1.1,15.3,65,2026-09-07
2026-09-07,xining,53,毛毛雨,1,14.9,11.9,3.2,11.2,88,2026-09-07
2026-09-07,yanan,53,毛毛雨,1,25.1,17.6,4.1,13.3,85,2026-09-07
2026-09-07,yangzhou,3,阴,0,27.7,20.3,0.0,11.0,77,2026-09-07
2026-09-07,yantai,3,阴,0,27.4,17.9,0.0,15.3,69,2026-09-07
2026-09-07,yinchuan,51,小毛毛雨,1,19.3,15.0,4.5,16.3,85,2026-09-07
2026-09-07,yulin,81,强阵雨,1,20.5,15.4,27.5,18.4,93,2026-09-07
2026-09-07,zhangjiakou,53,毛毛雨,1,25.1,14.8,2.9,23.9,60,2026-09-07
2026-09-07,zhengzhou,3,阴,0,32.4,21.9,0.0,10.5,55,2026-09-07
2026-09-07,zibo,3,阴,0,32.2,20.4,0.0,15.8,54,2026-09-07
2026-09-08,baoding,55,浓毛毛雨,1,18.7,15.4,8.6,23.3,84,2026-09-08
2026-09-08,baotou,53,毛毛雨,1,17.9,9.7,1.6,14.5,58,2026-09-08
2026-09-08,beijing,55,浓毛毛雨,1,23.3,17.9,2.8,14.2,62,2026-09-08
2026-09-08,botou,80,阵雨,1,21.5,14.6,11.6,26.5,80,2026-09-08
2026-09-08,cangzhou,81,强阵雨,1,20.9,14.8,12.0,24.6,79,2026-09-08
2026-09-08,changchun,3,阴,0,18.8,10.4,0.0,14.0,62,2026-09-08
2026-09-08,changsha,3,阴,0,31.1,22.3,0.0,11.4,75,2026-09-08
2026-09-08,chengde,55,浓毛毛雨,1,21.7,11.9,3.9,17.2,65,2026-09-08
2026-09-08,chengdu,81,强阵雨,1,29.1,23.4,10.1,13.7,76,2026-09-08
2026-09-08,chifeng,3,阴,0,19.9,11.8,0.0,21.2,48,2026-09-08
2026-09-08,chongqing,82,暴雨,1,36.9,24.1,12.4,11.9,54,2026-09-08
2026-09-08,dalian,3,阴,0,23.5,17.1,0.0,27.0,46,2026-09-08
2026-09-08,eerduosi,3,阴,0,16.4,9.4,0.0,19.4,65,2026-09-08
2026-09-08,fuzhou,51,小毛毛雨,1,30.4,24.1,1.0,11.3,74,2026-09-08
2026-09-08,guangzhou,95,雷阵雨,1,33.5,24.1,5.0,9.3,75,2026-09-08
2026-09-08,guiyang,3,阴,0,29.9,17.3,0.0,13.3,65,2026-09-08
2026-09-08,haerbin,1,基本晴朗,0,17.5,7.7,0.0,16.5,66,2026-09-08
2026-09-08,haikou,51,小毛毛雨,1,30.8,25.9,0.2,12.5,82,2026-09-08
2026-09-08,hangzhou,51,小毛毛雨,1,28.2,22.8,0.1,14.2,74,2026-09-08
2026-09-08,hefei,3,阴,0,31.0,21.2,0.0,13.6,66,2026-09-08
2026-09-08,huhehaote,53,毛毛雨,1,19.6,10.5,3.0,13.3,57,2026-09-08
2026-09-08,jinan,53,毛毛雨,1,23.0,19.8,1.8,22.4,65,2026-09-08
2026-09-08,jiuquan,51,小毛毛雨,1,15.0,9.8,1.1,13.7,81,2026-09-08
2026-09-08,kunming,53,毛毛雨,1,27.2,16.0,0.8,13.1,60,2026-09-08
2026-09-08,lanzhou,61,小雨,1,14.8,12.8,13.9,9.2,86,2026-09-08
2026-09-08,lasa,53,毛毛雨,1,18.9,11.0,2.8,7.7,74,2026-09-08
2026-09-08,liaocheng,51,小毛毛雨,1,26.0,19.7,0.1,26.0,65,2026-09-08
2026-09-08,liupanshui,51,小毛毛雨,1,26.6,13.2,0.4,13.5,74,2026-09-08
2026-09-08,nanchang,0,晴,0,29.5,23.5,0.0,16.4,70,2026-09-08
2026-09-08,nanchong,51,小毛毛雨,1,38.1,26.7,0.6,16.5,51,2026-09-08
2026-09-08,nanning,51,小毛毛雨,1,32.1,25.0,0.5,7.6,82,2026-09-08
2026-09-08,shanghai,51,小毛毛雨,1,29.8,23.0,0.6,16.4,67,2026-09-08
2026-09-08,shenyang,3,阴,0,20.1,13.7,0.0,15.6,59,2026-09-08
2026-09-08,shenzhen,53,毛毛雨,1,32.0,24.2,1.1,9.0,82,2026-09-08
2026-09-08,shijiazhuang,81,强阵雨,1,20.5,15.1,20.8,20.3,84,2026-09-08
2026-09-08,taiyuan,81,强阵雨,1,17.6,12.6,29.0,10.5,81,2026-09-08
2026-09-08,tianjin,63,中雨,1,20.5,14.9,12.7,18.2,77,2026-09-08
2026-09-08,wuhai,51,小毛毛雨,1,19.5,12.5,0.2,13.0,63,2026-09-08
2026-09-08,wuhan,3,阴,0,34.1,24.9,0.0,14.0,52,2026-09-08
2026-09-08,wulanhaote,2,多云,0,17.9,9.3,0.0,18.4,59,2026-09-08
2026-09-08,wulumuqi,3,阴,0,27.8,20.3,0.0,30.4,30,2026-09-08
2026-09-08,wuxi,3,阴,0,27.7,22.1,0.0,18.7,76,2026-09-08
2026-09-08,xian,80,阵雨,1,24.3,18.9,11.5,16.5,82,2026-09-08
2026-09-08,xianyang,80,阵雨,1,23.7,18.6,9.9,18.6,85,2026-09-08
2026-09-08,xining,61,小雨,1,11.1,9.0,7.3,17.8,94,2026-09-08
2026-09-08,yanan,80,阵雨,1,17.5,13.6,13.4,17.6,89,2026-09-08
2026-09-08,yangzhou,51,小毛毛雨,1,27.2,20.6,0.2,13.2,80,2026-09-08
2026-09-08,yantai,51,小毛毛雨,1,23.5,20.9,0.3,32.7,63,2026-09-08
2026-09-08,yinchuan,51,小毛毛雨,1,18.1,13.1,0.2,16.6,70,2026-09-08
2026-09-08,yulin,53,毛毛雨,1,17.8,11.8,1.5,20.6,76,2026-09-08
2026-09-08,zhangjiakou,53,毛毛雨,1,18.8,13.1,6.0,14.0,68,2026-09-08
2026-09-08,zhengzhou,53,毛毛雨,1,26.9,16.0,2.7,21.4,70,2026-09-08
2026-09-08,zibo,53,毛毛雨,1,25.0,20.4,2.0,19.8,62,2026-09-08
2026-09-09,baoding,3,阴,0,23.7,16.4,0.0,8.0,63,2026-09-09
2026-09-09,baotou,3,阴,0,20.6,8.4,0.0,13.9,54,2026-09-09
2026-09-09,beijing,3,阴,0,24.3,16.9,0.0,8.1,55,2026-09-09
2026-09-09,botou,3,阴,0,23.2,15.5,0.0,15.3,64,2026-09-09
2026-09-09,cangzhou,3,阴,0,23.1,16.2,0.0,16.6,61,2026-09-09
2026-09-09,changchun,0,晴,0,19.9,9.6,0.0,12.3,63,2026-09-09
2026-09-09,changsha,1,基本晴朗,0,31.2,22.3,0.0,23.1,67,2026-09-09
2026-09-09,chengde,3,阴,0,22.2,9.8,0.0,8.8,52,2026-09-09
2026-09-09,chengdu,95,雷阵雨,1,24.5,19.6,32.0,23.3,84,2026-09-09
2026-09-09,chifeng,0,晴,0,21.2,6.4,0.0,8.6,47,2026-09-09
2026-09-09,chongqing,55,浓毛毛雨,1,36.9,25.0,1.9,18.1,55,2026-09-09
2026-09-09,dalian,3,阴,0,23.5,17.6,0.0,20.7,40,2026-09-09
2026-09-09,eerduosi,3,阴,0,19.5,9.1,0.0,11.6,52,2026-09-09
2026-09-09,fuzhou,53,毛毛雨,1,30.0,23.8,4.5,14.4,75,2026-09-09
2026-09-09,guangzhou,55,浓毛毛雨,1,32.2,24.8,2.0,10.9,74,2026-09-09
2026-09-09,guiyang,53,毛毛雨,1,27.1,18.4,2.1,17.7,74,2026-09-09
2026-09-09,haerbin,1,基本晴朗,0,20.8,8.9,0.0,15.7,66,2026-09-09
2026-09-09,haikou,53,毛毛雨,1,30.3,25.6,1.5,19.1,83,2026-09-09
2026-09-09,hangzhou,53,毛毛雨,1,27.4,21.6,2.2,19.4,74,2026-09-09
2026-09-09,hefei,3,阴,0,26.8,20.9,0.0,16.0,56,2026-09-09
2026-09-09,huhehaote,3,阴,0,19.4,8.2,0.0,11.3,48,2026-09-09
2026-09-09,jinan,51,小毛毛雨,1,22.7,16.4,0.4,19.2,60,2026-09-09
2026-09-09,jiuquan,51,小毛毛雨,1,16.9,8.7,0.4,13.8,78,2026-09-09
2026-09-09,kunming,51,小毛毛雨,1,26.3,15.8,1.4,9.5,60,2026-09-09
2026-09-09,lanzhou,81,强阵雨,1,16.4,12.1,12.9,5.0,84,2026-09-09
2026-09-09,lasa,53,毛毛雨,1,17.7,11.0,3.8,8.2,76,2026-09-09
2026-09-09,liaocheng,53,毛毛雨,1,25.3,17.4,0.9,18.6,53,2026-09-09
2026-09-09,liupanshui,53,毛毛雨,1,25.2,14.2,2.2,12.3,76,2026-09-09
2026-09-09,nanchang,53,毛毛雨,1,28.1,23.0,0.6,24.7,70,2026-09-09
2026-09-09,nanchong,53,毛毛雨,1,33.7,23.9,1.3,26.1,64,2026-09-09
2026-09-09,nanning,53,毛毛雨,1,32.1,26.0,1.7,11.4,81,2026-09-09
2026-09-09,shanghai,51,小毛毛雨,1,29.5,22.9,0.1,18.3,61,2026-09-09
2026-09-09,shenyang,0,晴,0,21.4,11.5,0.0,12.2,58,2026-09-09
2026-09-09,shenzhen,53,毛毛雨,1,29.7,24.0,2.3,11.4,80,2026-09-09
2026-09-09,shijiazhuang,3,阴,0,22.7,15.9,0.0,8.5,63,2026-09-09
2026-09-09,taiyuan,53,毛毛雨,1,17.1,12.5,5.0,9.0,75,2026-09-09
2026-09-09,tianjin,3,阴,0,23.5,16.0,0.0,8.0,57,2026-09-09
2026-09-09,wuhai,3,阴,0,19.8,11.0,0.0,13.2,65,2026-09-09
2026-09-09,wuhan,3,阴,0,27.7,21.9,0.0,19.4,58,2026-09-09
2026-09-09,wulanhaote,1,基本晴朗,0,21.4,8.4,0.0,13.4,59,2026-09-09
2026-09-09,wulumuqi,51,小毛毛雨,1,26.1,20.7,0.1,30.4,35,2026-09-09
2026-09-09,wuxi,3,阴,0,27.0,21.5,0.0,20.0,74,2026-09-09
2026-09-09,xian,61,小雨,1,17.8,14.5,20.3,14.6,95,2026-09-09
2026-09-09,xianyang,61,小雨,1,17.6,14.7,14.4,17.4,93,2026-09-09
2026-09-09,xining,51,小毛毛雨,1,14.3,8.1,0.7,11.0,84,2026-09-09
2026-09-09,yanan,80,阵雨,1,14.0,11.8,18.6,10.6,94,2026-09-09
2026-09-09,yangzhou,3,阴,0,25.5,19.7,0.0,19.6,70,2026-09-09
2026-09-09,yantai,3,阴,0,23.3,20.3,0.0,32.8,53,2026-09-09
2026-09-09,yinchuan,3,阴,0,20.8,12.7,0.0,11.0,69,2026-09-09
2026-09-09,yulin,51,小毛毛雨,1,16.7,10.7,1.9,10.1,83,2026-09-09
2026-09-09,zhangjiakou,3,阴,0,20.7,8.9,0.0,8.2,49,2026-09-09
2026-09-09,zhengzhou,53,毛毛雨,1,18.6,14.8,5.8,13.9,81,2026-09-09
2026-09-09,zibo,51,小毛毛雨,1,24.3,18.0,0.1,18.4,51,2026-09-09
2026-09-10,baoding,0,晴,0,27.1,13.4,0.0,10.3,58,2026-09-10
2026-09-10,baotou,0,晴,0,21.9,8.7,0.0,11.5,38,2026-09-10
2026-09-10,beijing,0,晴,0,28.6,15.1,0.0,15.1,49,2026-09-10
2026-09-10,botou,3,阴,0,25.2,12.8,0.0,7.9,69,2026-09-10
2026-09-10,cangzhou,3,阴,0,25.8,13.1,0.0,9.2,64,2026-09-10
2026-09-10,changchun,0,晴,0,21.3,11.9,0.0,21.2,63,2026-09-10
2026-09-10,changsha,3,阴,0,24.7,19.2,0.0,19.5,69,2026-09-10
2026-09-10,chengde,1,基本晴朗,0,25.0,9.2,0.0,14.7,55,2026-09-10
2026-09-10,chengdu,81,强阵雨,1,23.1,18.1,18.1,17.2,81,2026-09-10
2026-09-10,chifeng,51,小毛毛雨,1,23.6,9.5,0.1,14.2,43,2026-09-10
2026-09-10,chongqing,3,阴,0,30.2,22.6,0.0,14.9,67,2026-09-10
2026-09-10,dalian,3,阴,0,24.9,17.0,0.0,10.7,47,2026-09-10
2026-09-10,eerduosi,3,阴,0,20.1,8.2,0.0,13.6,44,2026-09-10
2026-09-10,fuzhou,53,毛毛雨,1,29.7,23.2,1.9,13.3,77,2026-09-10
2026-09-10,guangzhou,81,强阵雨,1,30.3,22.2,7.6,13.0,79,2026-09-10
2026-09-10,guiyang,51,小毛毛雨,1,22.1,16.8,1.2,16.2,78,2026-09-10
2026-09-10,haerbin,0,晴,0,21.6,12.0,0.0,23.8,58,2026-09-10
2026-09-10,haikou,53,毛毛雨,1,30.6,24.4,3.2,30.3,73,2026-09-10
2026-09-10,hangzhou,3,阴,0,27.5,19.3,0.0,15.4,63,2026-09-10
2026-09-10,hefei,3,阴,0,25.1,18.5,0.0,15.9,59,2026-09-10
2026-09-10,huhehaote,0,晴,0,21.5,6.1,0.0,15.9,57,2026-09-10
2026-09-10,jinan,3,阴,0,25.3,15.8,0.0,10.0,46,2026-09-10
2026-09-10,jiuquan,3,阴,0,20.2,9.2,0.0,8.3,71,2026-09-10
2026-09-10,kunming,80,阵雨,1,25.2,15.7,4.6,15.0,68,2026-09-10
2026-09-10,lanzhou,3,阴,0,19.7,10.3,0.0,11.7,73,2026-09-10
2026-09-10,lasa,53,毛毛雨,1,18.7,10.2,3.2,8.7,76,2026-09-10
2026-09-10,liaocheng,3,阴,0,26.8,14.9,0.0,14.3,52,2026-09-10
2026-09-10,liupanshui,80,阵雨,1,18.7,13.7,3.7,19.7,83,2026-09-10
2026-09-10,nanchang,1,基本晴朗,0,26.1,20.7,0.0,22.1,62,2026-09-10
2026-09-10,nanchong,63,中雨,1,22.4,18.1,17.8,30.2,85,2026-09-10
2026-09-10,nanning,95,雷阵雨,1,29.6,22.4,12.8,15.4,82,2026-09-10
2026-09-10,shanghai,51,小毛毛雨,1,29.4,20.4,1.2,15.5,65,2026-09-10
2026-09-10,shenyang,0,晴,0,24.6,11.8,0.0,12.6,59,2026-09-10
2026-09-10,shenzhen,81,强阵雨,1,29.6,22.0,13.2,14.2,80,2026-09-10
2026-09-10,shijiazhuang,3,阴,0,26.4,15.1,0.0,7.6,60,2026-09-10
2026-09-10,taiyuan,1,基本晴朗,0,21.3,10.5,0.0,13.2,66,2026-09-10
2026-09-10,tianjin,0,晴,0,26.3,14.1,0.0,8.1,59,2026-09-10
2026-09-10,wuhai,3,阴,0,20.9,10.9,0.0,8.3,62,2026-09-10
2026-09-10,wuhan,3,阴,0,25.5,19.3,0.0,17.0,56,2026-09-10
2026-09-10,wulanhaote,1,基本晴朗,0,23.0,11.6,0.0,21.1,53,2026-09-10
2026-09-10,wulumuqi,2,多云,0,27.7,16.9,0.0,22.9,37,2026-09-10
2026-09-10,wuxi,3,阴,0,26.1,19.8,0.0,16.9,71,2026-09-10
2026-09-10,xian,53,毛毛雨,1,19.2,14.3,3.1,5.9,86,2026-09-10
2026-09-10,xianyang,51,小毛毛雨,1,18.8,14.2,2.2,7.6,86,2026-09-10
2026-09-10,xining,51,小毛毛雨,1,12.6,8.2,0.5,12.2,83,2026-09-10
2026-09-10,yanan,3,阴,0,20.0,10.8,0.0,13.0,76,2026-09-10
2026-09-10,yangzhou,3,阴,0,24.9,18.0,0.0,16.9,68,2026-09-10
2026-09-10,yantai,3,阴,0,24.7,17.6,0.0,17.2,49,2026-09-10
2026-09-10,yinchuan,3,阴,0,21.5,10.3,0.0,8.3,52,2026-09-10
2026-09-10,yulin,3,阴,0,20.7,8.6,0.0,12.0,65,2026-09-10
2026-09-10,zhangjiakou,0,晴,0,24.6,7.8,0.0,11.7,50,2026-09-10
2026-09-10,zhengzhou,3,阴,0,23.7,15.9,0.0,13.4,68,2026-09-10
2026-09-10,zibo,3,阴,0,26.7,15.1,0.0,13.2,45,2026-09-10
2026-09-11,baoding,3,阴,0,28.3,15.0,0.0,12.3,62,2026-09-11
2026-09-11,baotou,2,多云,0,22.6,9.8,0.0,10.4,38,2026-09-11
2026-09-11,beijing,0,晴,0,30.7,16.9,0.0,11.2,42,2026-09-11
2026-09-11,botou,3,阴,0,25.5,14.3,0.0,13.9,67,2026-09-11
2026-09-11,cangzhou,3,阴,0,26.4,15.0,0.0,13.0,64,2026-09-11
2026-09-11,changchun,0,晴,0,24.2,15.5,0.0,21.2,64,2026-09-11
2026-09-11,changsha,3,阴,0,26.7,19.2,0.0,15.7,63,2026-09-11
2026-09-11,chengde,0,晴,0,26.9,10.9,0.0,10.9,54,2026-09-11
2026-09-11,chengdu,3,阴,0,23.5,18.0,0.0,10.8,73,2026-09-11
2026-09-11,chifeng,3,阴,0,27.5,14.7,0.0,19.0,32,2026-09-11
2026-09-11,chongqing,51,小毛毛雨,1,26.4,20.8,0.1,10.0,71,2026-09-11
2026-09-11,dalian,3,阴,0,28.9,20.0,0.0,17.0,52,2026-09-11
2026-09-11,eerduosi,3,阴,0,21.3,9.2,0.0,11.9,47,2026-09-11
2026-09-11,fuzhou,51,小毛毛雨,1,29.8,22.8,0.2,15.9,76,2026-09-11
2026-09-11,guangzhou,2,多云,0,30.1,23.2,0.0,15.7,64,2026-09-11
2026-09-11,guiyang,3,阴,0,21.8,15.5,0.0,13.2,70,2026-09-11
2026-09-11,haerbin,1,基本晴朗,0,23.7,14.7,0.0,18.8,58,2026-09-11
2026-09-11,haikou,53,毛毛雨,1,28.8,25.2,4.9,30.5,74,2026-09-11
2026-09-11,hangzhou,53,毛毛雨,1,26.8,20.1,1.4,15.2,73,2026-09-11
2026-09-11,hefei,51,小毛毛雨,1,27.5,18.2,0.2,12.0,66,2026-09-11
2026-09-11,huhehaote,3,阴,0,22.0,7.8,0.0,7.9,51,2026-09-11
2026-09-11,jinan,3,阴,0,26.9,16.1,0.0,9.4,41,2026-09-11
2026-09-11,jiuquan,1,基本晴朗,0,21.9,10.0,0.0,8.5,66,2026-09-11
2026-09-11,kunming,51,小毛毛雨,1,21.6,14.4,0.3,13.9,63,2026-09-11
2026-09-11,lanzhou,3,阴,0,23.2,11.0,0.0,5.5,64,2026-09-11
2026-09-11,lasa,53,毛毛雨,1,19.1,9.3,2.7,9.7,71,2026-09-11
2026-09-11,liaocheng,3,阴,0,27.6,17.2,0.0,11.5,50,2026-09-11
2026-09-11,liupanshui,51,小毛毛雨,1,20.7,13.1,0.3,12.5,75,2026-09-11
2026-09-11,nanchang,1,基本晴朗,0,27.2,20.2,0.0,17.0,65,2026-09-11
2026-09-11,nanchong,51,小毛毛雨,1,21.8,18.8,3.5,11.5,89,2026-09-11
2026-09-11,nanning,1,基本晴朗,0,29.2,21.9,0.0,15.9,66,2026-09-11
2026-09-11,shanghai,53,毛毛雨,1,28.8,22.1,1.9,15.0,69,2026-09-11
2026-09-11,shenyang,0,晴,0,28.1,15.7,0.0,12.5,54,2026-09-11
2026-09-11,shenzhen,51,小毛毛雨,1,30.3,23.2,0.1,15.0,75,2026-09-11
2026-09-11,shijiazhuang,3,阴,0,26.3,15.2,0.0,10.7,68,2026-09-11
2026-09-11,taiyuan,3,阴,0,21.4,11.4,0.0,9.1,63,2026-09-11
2026-09-11,tianjin,3,阴,0,27.7,16.3,0.0,9.8,58,2026-09-11
2026-09-11,wuhai,3,阴,0,22.8,13.1,0.0,21.5,50,2026-09-11
2026-09-11,wuhan,3,阴,0,28.1,18.4,0.0,10.9,52,2026-09-11
2026-09-11,wulanhaote,1,基本晴朗,0,23.8,13.5,0.0,17.1,55,2026-09-11
2026-09-11,wulumuqi,0,晴,0,29.4,16.5,0.0,14.2,35,2026-09-11
2026-09-11,wuxi,81,强阵雨,1,24.9,20.9,8.3,19.3,82,2026-09-11
2026-09-11,xian,51,小毛毛雨,1,20.8,15.8,0.8,5.1,79,2026-09-11
2026-09-11,xianyang,51,小毛毛雨,1,21.0,15.9,0.2,5.2,81,2026-09-11
2026-09-11,xining,51,小毛毛雨,1,20.3,7.1,0.1,18.2,74,2026-09-11
2026-09-11,yanan,3,阴,0,21.0,11.4,0.0,15.7,69,2026-09-11
2026-09-11,yangzhou,3,阴,0,24.8,19.6,0.0,12.4,78,2026-09-11
2026-09-11,yantai,3,阴,0,28.2,14.8,0.0,12.3,49,2026-09-11
2026-09-11,yinchuan,1,基本晴朗,0,23.8,11.5,0.0,9.6,56,2026-09-11
2026-09-11,yulin,3,阴,0,21.7,9.9,0.0,14.1,58,2026-09-11
2026-09-11,zhangjiakou,0,晴,0,25.1,8.2,0.0,9.0,45,2026-09-11
2026-09-11,zhengzhou,3,阴,0,25.1,18.1,0.0,8.0,63,2026-09-11
2026-09-11,zibo,3,阴,0,29.0,16.7,0.0,11.9,35,2026-09-11
2026-09-12,baoding,1,基本晴朗,0,26.0,15.1,0.0,9.6,69,2026-09-12
2026-09-12,baotou,3,阴,0,25.4,13.8,0.0,17.9,37,2026-09-12
2026-09-12,beijing,2,多云,0,28.1,17.7,0.0,11.1,53,2026-09-12
2026-09-12,botou,3,阴,0,27.2,14.9,0.0,16.8,62,2026-09-12
2026-09-12,cangzhou,3,阴,0,27.0,15.4,0.0,16.4,59,2026-09-12
2026-09-12,changchun,3,阴,0,26.7,16.6,0.0,19.1,60,2026-09-12
2026-09-12,changsha,3,阴,0,29.0,20.1,0.0,12.6,68,2026-09-12
2026-09-12,chengde,2,多云,0,26.8,11.6,0.0,14.4,60,2026-09-12
2026-09-12,chengdu,3,阴,0,23.9,17.8,0.0,5.7,78,2026-09-12
2026-09-12,chifeng,51,小毛毛雨,1,27.3,13.2,0.2,23.0,43,2026-09-12
2026-09-12,chongqing,51,小毛毛雨,1,27.2,21.5,1.6,10.6,74,2026-09-12
2026-09-12,dalian,3,阴,0,27.7,20.8,0.0,18.0,52,2026-09-12
2026-09-12,eerduosi,2,多云,0,23.2,10.1,0.0,16.4,51,2026-09-12
2026-09-12,fuzhou,96,雷阵雨伴冰雹,1,27.3,24.4,8.4,12.6,81,2026-09-12
2026-09-12,guangzhou,3,阴,0,31.3,23.3,0.0,13.6,66,2026-09-12
2026-09-12,guiyang,3,阴,0,24.6,13.0,0.0,11.8,68,2026-09-12
2026-09-12,haerbin,81,强阵雨,1,25.3,13.7,4.5,17.8,73,2026-09-12
2026-09-12,haikou,95,雷阵雨,1,28.9,24.7,23.8,33.5,83,2026-09-12
2026-09-12,hangzhou,3,阴,0,28.9,21.0,0.0,8.9,71,2026-09-12
2026-09-12,hefei,3,阴,0,29.5,21.0,0.0,9.9,68,2026-09-12
2026-09-12,huhehaote,51,小毛毛雨,1,22.6,9.8,0.3,15.6,59,2026-09-12
2026-09-12,jinan,3,阴,0,29.0,19.9,0.0,13.3,42,2026-09-12
2026-09-12,jiuquan,51,小毛毛雨,1,23.3,11.2,0.3,10.2,56,2026-09-12
2026-09-12,kunming,3,阴,0,23.1,12.9,0.0,12.6,60,2026-09-12
2026-09-12,lanzhou,51,小毛毛雨,1,20.3,12.0,0.8,12.5,75,2026-09-12
2026-09-12,lasa,51,小毛毛雨,1,17.9,9.8,0.5,8.3,63,2026-09-12
2026-09-12,liaocheng,3,阴,0,29.3,19.4,0.0,15.6,47,2026-09-12
2026-09-12,liupanshui,3,阴,0,20.7,12.1,0.0,11.1,77,2026-09-12
2026-09-12,nanchang,1,基本晴朗,0,29.0,21.3,0.0,13.2,69,2026-09-12
2026-09-12,nanchong,51,小毛毛雨,1,24.8,19.6,0.8,8.5,84,2026-09-12
2026-09-12,nanning,3,阴,0,30.6,21.4,0.0,12.2,64,2026-09-12
2026-09-12,shanghai,1,基本晴朗,0,30.4,22.1,0.0,11.9,61,2026-09-12
2026-09-12,shenyang,3,阴,0,28.8,18.6,0.0,18.5,50,2026-09-12
2026-09-12,shenzhen,95,雷阵雨,1,31.1,23.9,5.5,18.1,75,2026-09-12
2026-09-12,shijiazhuang,3,阴,0,26.4,12.9,0.0,7.9,78,2026-09-12
2026-09-12,taiyuan,3,阴,0,22.1,11.4,0.0,10.9,78,2026-09-12
2026-09-12,tianjin,3,阴,0,26.6,16.7,0.0,11.8,60,2026-09-12
2026-09-12,wuhai,51,小毛毛雨,1,24.6,14.0,0.1,11.1,54,2026-09-12
2026-09-12,wuhan,3,阴,0,32.8,20.8,0.0,8.4,51,2026-09-12
2026-09-12,wulanhaote,51,小毛毛雨,1,22.2,12.4,0.4,12.6,62,2026-09-12
2026-09-12,wulumuqi,1,基本晴朗,0,31.7,17.5,0.0,15.5,30,2026-09-12
2026-09-12,wuxi,3,阴,0,27.0,20.9,0.0,11.6,77,2026-09-12
2026-09-12,xian,3,阴,0,23.1,13.3,0.0,4.9,82,2026-09-12
2026-09-12,xianyang,3,阴,0,23.1,13.6,0.0,5.8,80,2026-09-12
2026-09-12,xining,51,小毛毛雨,1,15.1,10.6,0.6,18.8,76,2026-09-12
2026-09-12,yanan,3,阴,0,22.3,8.7,0.0,15.2,69,2026-09-12
2026-09-12,yangzhou,3,阴,0,27.1,18.4,0.0,7.8,75,2026-09-12
2026-09-12,yantai,3,阴,0,29.8,18.7,0.0,17.3,40,2026-09-12
2026-09-12,yinchuan,51,小毛毛雨,1,23.9,12.8,0.4,11.0,62,2026-09-12
2026-09-12,yulin,51,小毛毛雨,1,22.9,10.5,0.3,12.0,67,2026-09-12
2026-09-12,zhangjiakou,1,基本晴朗,0,25.8,9.7,0.0,11.5,50,2026-09-12
2026-09-12,zhengzhou,3,阴,0,27.4,17.0,0.0,6.6,64,2026-09-12
2026-09-12,zibo,3,阴,0,30.7,20.8,0.0,13.3,36,2026-09-12
2026-09-13,baoding,0,晴,0,28.7,16.8,0.0,10.0,58,2026-09-13
2026-09-13,baotou,51,小毛毛雨,1,24.2,11.5,0.1,17.4,32,2026-09-13
2026-09-13,beijing,0,晴,0,29.4,19.2,0.0,17.0,33,2026-09-13
2026-09-13,botou,3,阴,0,27.3,16.8,0.0,24.1,56,2026-09-13
2026-09-13,cangzhou,2,多云,0,27.8,17.1,0.0,20.6,55,2026-09-13
2026-09-13,changchun,51,小毛毛雨,1,19.9,12.6,0.3,22.0,58,2026-09-13
2026-09-13,changsha,0,晴,0,31.0,21.5,0.0,15.4,63,2026-09-13
2026-09-13,chengde,0,晴,0,23.9,12.8,0.0,17.8,52,2026-09-13
2026-09-13,chengdu,61,小雨,1,24.4,18.0,7.5,7.4,83,2026-09-13
2026-09-13,chifeng,2,多云,0,21.9,12.3,0.0,22.2,39,2026-09-13
2026-09-13,chongqing,51,小毛毛雨,1,27.4,20.9,0.5,10.2,76,2026-09-13
2026-09-13,dalian,51,小毛毛雨,1,27.6,20.7,0.3,16.7,54,2026-09-13
2026-09-13,eerduosi,51,小毛毛雨,1,22.9,9.8,0.1,13.0,41,2026-09-13
2026-09-13,fuzhou,55,浓毛毛雨,1,30.0,25.3,2.0,13.6,79,2026-09-13
2026-09-13,guangzhou,95,雷阵雨,1,32.1,24.0,9.1,12.1,81,2026-09-13
2026-09-13,guiyang,3,阴,0,24.6,15.0,0.0,15.4,70,2026-09-13
2026-09-13,haerbin,80,阵雨,1,19.1,10.6,3.8,18.9,78,2026-09-13
2026-09-13,haikou,96,雷阵雨伴冰雹,1,27.9,24.0,44.9,40.5,95,2026-09-13
2026-09-13,hangzhou,3,阴,0,32.0,21.9,0.0,11.0,66,2026-09-13
2026-09-13,hefei,3,阴,0,31.7,22.7,0.0,12.1,64,2026-09-13
2026-09-13,huhehaote,2,多云,0,23.5,8.5,0.0,9.7,48,2026-09-13
2026-09-13,jinan,3,阴,0,30.0,20.5,0.0,14.7,52,2026-09-13
2026-09-13,jiuquan,0,晴,0,24.5,10.0,0.0,9.4,48,2026-09-13
2026-09-13,kunming,3,阴,0,24.4,12.2,0.0,14.1,59,2026-09-13
2026-09-13,lanzhou,53,毛毛雨,1,20.7,12.3,1.7,9.8,79,2026-09-13
2026-09-13,lasa,53,毛毛雨,1,16.5,6.8,2.9,7.4,79,2026-09-13
2026-09-13,liaocheng,3,阴,0,32.1,20.0,0.0,15.9,44,2026-09-13
2026-09-13,liupanshui,51,小毛毛雨,1,20.5,12.3,1.2,16.0,81,2026-09-13
2026-09-13,nanchang,51,小毛毛雨,1,31.0,23.9,0.2,13.7,67,2026-09-13
2026-09-13,nanchong,51,小毛毛雨,1,23.7,20.1,1.1,10.4,81,2026-09-13
2026-09-13,nanning,81,强阵雨,1,29.4,24.0,8.8,15.1,72,2026-09-13
2026-09-13,shanghai,1,基本晴朗,0,31.8,22.0,0.0,13.1,60,2026-09-13
2026-09-13,shenyang,2,多云,0,23.0,16.5,0.0,13.7,49,2026-09-13
2026-09-13,shenzhen,95,雷阵雨,1,29.3,24.2,8.2,15.5,89,2026-09-13
2026-09-13,shijiazhuang,0,晴,0,28.0,18.5,0.0,9.3,60,2026-09-13
2026-09-13,taiyuan,1,基本晴朗,0,24.9,12.7,0.0,11.0,62,2026-09-13
2026-09-13,tianjin,0,晴,0,27.6,18.0,0.0,14.7,52,2026-09-13
2026-09-13,wuhai,0,晴,0,25.4,12.4,0.0,8.4,49,2026-09-13
2026-09-13,wuhan,3,阴,0,33.3,22.6,0.0,13.9,48,2026-09-13
2026-09-13,wulanhaote,51,小毛毛雨,1,17.4,9.6,0.5,20.8,60,2026-09-13
2026-09-13,wulumuqi,0,晴,0,33.1,17.7,0.0,17.5,26,2026-09-13
2026-09-13,wuxi,1,基本晴朗,0,28.3,21.5,0.0,14.4,78,2026-09-13
2026-09-13,xian,3,阴,0,27.2,17.4,0.0,7.0,73,2026-09-13
2026-09-13,xianyang,3,阴,0,27.0,17.4,0.0,8.1,71,2026-09-13
2026-09-13,xining,53,毛毛雨,1,18.2,9.1,3.2,12.7,77,2026-09-13
2026-09-13,yanan,3,阴,0,23.8,12.0,0.0,10.2,63,2026-09-13
2026-09-13,yangzhou,51,小毛毛雨,1,28.5,20.1,0.7,9.0,77,2026-09-13
2026-09-13,yantai,3,阴,0,28.3,19.0,0.0,16.2,63,2026-09-13
2026-09-13,yinchuan,0,晴,0,25.8,11.4,0.0,7.6,52,2026-09-13
2026-09-13,yulin,0,晴,0,23.8,10.4,0.0,12.3,50,2026-09-13
2026-09-13,zhangjiakou,0,晴,0,24.8,10.5,0.0,17.9,42,2026-09-13
2026-09-13,zhengzhou,3,阴,0,28.2,20.4,0.0,11.8,58,2026-09-13
2026-09-13,zibo,51,小毛毛雨,1,31.1,20.6,0.1,15.7,56,2026-09-13
2026-09-14,baoding,0,晴,0,25.3,17.5,0.0,13.5,52,2026-09-14
2026-09-14,baotou,51,小毛毛雨,1,27.0,11.9,0.1,18.3,31,2026-09-14
2026-09-14,beijing,0,晴,0,26.4,17.5,0.0,12.1,32,2026-09-14
2026-09-14,botou,0,晴,0,26.3,15.0,0.0,11.8,64,2026-09-14
2026-09-14,cangzhou,51,小毛毛雨,1,26.8,15.5,0.3,11.3,64,2026-09-14
2026-09-14,changchun,2,多云,0,19.4,9.4,0.0,14.8,63,2026-09-14
2026-09-14,changsha,3,阴,0,31.8,22.7,0.0,16.9,62,2026-09-14
2026-09-14,chengde,0,晴,0,22.4,9.4,0.0,9.5,51,2026-09-14
2026-09-14,chengdu,80,阵雨,1,24.9,16.6,3.1,9.5,80,2026-09-14
2026-09-14,chifeng,0,晴,0,22.3,8.2,0.0,13.2,40,2026-09-14
2026-09-14,chongqing,55,浓毛毛雨,1,26.3,20.8,4.3,7.9,80,2026-09-14
2026-09-14,dalian,0,晴,0,24.3,18.2,0.0,15.5,43,2026-09-14
2026-09-14,eerduosi,3,阴,0,25.1,11.4,0.0,16.0,39,2026-09-14
2026-09-14,fuzhou,53,毛毛雨,1,29.6,24.6,1.8,15.7,79,2026-09-14
2026-09-14,guangzhou,95,雷阵雨,1,32.0,23.9,6.5,10.0,84,2026-09-14
2026-09-14,guiyang,51,小毛毛雨,1,24.4,14.8,0.1,14.4,72,2026-09-14
2026-09-14,haerbin,3,阴,0,19.6,9.0,0.0,18.9,69,2026-09-14
2026-09-14,haikou,81,强阵雨,1,26.3,24.3,35.7,18.6,96,2026-09-14
2026-09-14,hangzhou,55,浓毛毛雨,1,31.4,23.2,1.7,14.7,67,2026-09-14
2026-09-14,hefei,53,毛毛雨,1,29.2,22.9,1.5,11.5,69,2026-09-14
2026-09-14,huhehaote,1,基本晴朗,0,24.0,9.0,0.0,13.6,44,2026-09-14
2026-09-14,jinan,0,晴,0,29.1,19.2,0.0,9.9,37,2026-09-14
2026-09-14,jiuquan,0,晴,0,25.0,10.6,0.0,11.7,42,2026-09-14
2026-09-14,kunming,3,阴,0,23.3,12.8,0.0,12.2,61,2026-09-14
2026-09-14,lanzhou,3,阴,0,22.3,11.7,0.0,11.6,79,2026-09-14
2026-09-14,lasa,53,毛毛雨,1,17.0,10.1,3.8,9.5,79,2026-09-14
2026-09-14,liaocheng,2,多云,0,30.9,18.5,0.0,12.0,36,2026-09-14
2026-09-14,liupanshui,51,小毛毛雨,1,20.7,11.3,0.1,9.8,76,2026-09-14
2026-09-14,nanchang,3,阴,0,31.2,24.5,0.0,20.5,68,2026-09-14
2026-09-14,nanchong,53,毛毛雨,1,22.4,20.1,4.9,9.3,91,2026-09-14
2026-09-14,nanning,95,雷阵雨,1,28.9,23.4,18.1,13.9,90,2026-09-14
2026-09-14,shanghai,3,阴,0,30.7,23.1,0.0,14.5,62,2026-09-14
2026-09-14,shenyang,0,晴,0,22.0,12.8,0.0,9.3,50,2026-09-14
2026-09-14,shenzhen,95,雷阵雨,1,31.6,23.7,5.6,7.5,88,2026-09-14
2026-09-14,shijiazhuang,0,晴,0,24.2,16.5,0.0,8.5,70,2026-09-14
2026-09-14,taiyuan,51,小毛毛雨,1,25.0,12.9,0.4,10.0,64,2026-09-14
2026-09-14,tianjin,0,晴,0,25.7,16.6,0.0,11.3,52,2026-09-14
2026-09-14,wuhai,0,晴,0,25.9,14.7,0.0,13.6,42,2026-09-14
2026-09-14,wuhan,3,阴,0,31.6,23.6,0.0,15.7,54,2026-09-14
2026-09-14,wulanhaote,2,多云,0,21.3,9.3,0.0,17.3,54,2026-09-14
2026-09-14,wulumuqi,3,阴,0,30.9,19.7,0.0,18.0,27,2026-09-14
2026-09-14,wuxi,3,阴,0,27.9,22.1,0.0,16.2,76,2026-09-14
2026-09-14,xian,3,阴,0,26.5,16.0,0.0,8.0,79,2026-09-14
2026-09-14,xianyang,3,阴,0,26.3,17.3,0.0,9.5,74,2026-09-14
2026-09-14,xining,3,阴,0,18.5,7.7,0.0,13.7,77,2026-09-14
2026-09-14,yanan,3,阴,0,24.4,11.3,0.0,10.3,62,2026-09-14
2026-09-14,yangzhou,81,强阵雨,1,26.0,19.8,8.6,15.6,83,2026-09-14
2026-09-14,yantai,1,基本晴朗,0,25.3,18.8,0.0,17.5,49,2026-09-14
2026-09-14,yinchuan,0,晴,0,26.6,12.1,0.0,13.4,44,2026-09-14
2026-09-14,yulin,2,多云,0,24.7,11.5,0.0,17.7,52,2026-09-14
2026-09-14,zhangjiakou,0,晴,0,22.8,7.3,0.0,9.5,46,2026-09-14
2026-09-14,zhengzhou,3,阴,0,31.0,19.2,0.0,9.9,55,2026-09-14
2026-09-14,zibo,0,晴,0,30.0,16.8,0.0,8.8,48,2026-09-14
2026-09-15,baoding,1,基本晴朗,0,28.3,15.9,0.0,8.9,61,2026-09-15
2026-09-15,baotou,3,阴,0,27.2,12.7,0.0,11.8,30,2026-09-15
2026-09-15,beijing,2,多云,0,28.6,17.3,0.0,10.5,47,2026-09-15
2026-09-15,botou,0,晴,0,28.0,15.6,0.0,8.3,72,2026-09-15
2026-09-15,cangzhou,0,晴,0,29.0,16.4,0.0,9.2,69,2026-09-15
2026-09-15,changchun,2,多云,0,22.2,12.7,0.0,21.5,57,2026-09-15
2026-09-15,changsha,51,小毛毛雨,1,31.6,23.3,0.6,13.2,64,2026-09-15
2026-09-15,chengde,2,多云,0,25.8,9.7,0.0,11.1,64,2026-09-15
2026-09-15,chengdu,55,浓毛毛雨,1,22.1,17.5,7.6,7.0,89,2026-09-15
2026-09-15,chifeng,2,多云,0,27.9,11.1,0.0,20.0,33,2026-09-15
2026-09-15,chongqing,51,小毛毛雨,1,23.7,21.4,2.2,11.5,89,2026-09-15
2026-09-15,dalian,0,晴,0,25.0,16.0,0.0,17.5,50,2026-09-15
2026-09-15,eerduosi,2,多云,0,24.5,12.0,0.0,14.0,43,2026-09-15
2026-09-15,fuzhou,3,阴,0,29.9,23.8,0.0,15.7,74,2026-09-15
2026-09-15,guangzhou,95,雷阵雨,1,30.8,24.2,12.4,10.4,89,2026-09-15
2026-09-15,guiyang,53,毛毛雨,1,24.6,16.3,1.8,12.4,72,2026-09-15
2026-09-15,haerbin,3,阴,0,20.3,12.1,0.0,16.8,63,2026-09-15
2026-09-15,haikou,96,雷阵雨伴冰雹,1,30.1,24.0,9.8,16.2,89,2026-09-15
2026-09-15,hangzhou,3,阴,0,30.7,21.6,0.0,10.9,56,2026-09-15
2026-09-15,hefei,3,阴,0,28.0,20.9,0.0,9.6,63,2026-09-15
2026-09-15,huhehaote,2,多云,0,25.7,10.4,0.0,17.5,48,2026-09-15
2026-09-15,jinan,1,基本晴朗,0,32.6,22.3,0.0,20.4,35,2026-09-15
2026-09-15,jiuquan,1,基本晴朗,0,25.9,12.0,0.0,15.4,39,2026-09-15
2026-09-15,kunming,53,毛毛雨,1,23.9,14.4,2.2,13.8,67,2026-09-15
2026-09-15,lanzhou,55,浓毛毛雨,1,23.3,12.4,2.9,15.6,75,2026-09-15
2026-09-15,lasa,53,毛毛雨,1,16.0,9.4,5.5,8.3,78,2026-09-15
2026-09-15,liaocheng,1,基本晴朗,0,33.2,20.6,0.0,18.6,41,2026-09-15
2026-09-15,liupanshui,53,毛毛雨,1,21.0,13.5,2.4,19.1,81,2026-09-15
2026-09-15,nanchang,3,阴,0,30.9,24.2,0.0,16.9,61,2026-09-15
2026-09-15,nanchong,80,阵雨,1,21.1,19.1,28.7,11.3,95,2026-09-15
2026-09-15,nanning,95,雷阵雨,1,30.0,23.2,12.7,11.8,90,2026-09-15
2026-09-15,shanghai,3,阴,0,29.1,22.5,0.0,15.5,53,2026-09-15
2026-09-15,shenyang,0,晴,0,26.9,13.8,0.0,16.6,53,2026-09-15
2026-09-15,shenzhen,95,雷阵雨,1,30.4,23.4,9.8,9.7,86,2026-09-15
2026-09-15,shijiazhuang,1,基本晴朗,0,27.4,15.0,0.0,6.6,75,2026-09-15
2026-09-15,taiyuan,0,晴,0,26.8,13.2,0.0,10.5,58,2026-09-15
2026-09-15,tianjin,0,晴,0,28.2,18.3,0.0,7.8,69,2026-09-15
2026-09-15,wuhai,3,阴,0,25.6,14.4,0.0,16.5,51,2026-09-15
2026-09-15,wuhan,3,阴,0,30.4,24.0,0.0,9.7,49,2026-09-15
2026-09-15,wulanhaote,2,多云,0,21.6,9.8,0.0,13.7,57,2026-09-15
2026-09-15,wulumuqi,2,多云,0,31.9,20.0,0.0,16.6,27,2026-09-15
2026-09-15,wuxi,3,阴,0,27.2,20.4,0.0,11.4,70,2026-09-15
2026-09-15,xian,3,阴,0,28.1,17.4,0.0,16.2,66,2026-09-15
2026-09-15,xianyang,3,阴,0,27.3,17.0,0.0,10.7,73,2026-09-15
2026-09-15,xining,81,强阵雨,1,19.7,7.4,7.7,11.5,84,2026-09-15
2026-09-15,yanan,1,基本晴朗,0,23.6,11.2,0.0,15.2,70,2026-09-15
2026-09-15,yangzhou,3,阴,0,27.6,17.8,0.0,8.7,69,2026-09-15
2026-09-15,yantai,0,晴,0,28.0,14.5,0.0,18.9,56,2026-09-15
2026-09-15,yinchuan,51,小毛毛雨,1,25.8,14.1,0.1,9.7,50,2026-09-15
2026-09-15,yulin,51,小毛毛雨,1,23.1,11.3,0.3,12.3,61,2026-09-15
2026-09-15,zhangjiakou,2,多云,0,26.9,8.8,0.0,15.6,50,2026-09-15
2026-09-15,zhengzhou,2,多云,0,31.6,18.0,0.0,15.9,50,2026-09-15
2026-09-15,zibo,51,小毛毛雨,1,33.6,21.1,0.2,14.4,35,2026-09-15
2026-09-16,baoding,3,阴,0,30.0,18.0,0.0,8.7,68,2026-09-16
2026-09-16,baotou,80,阵雨,1,24.2,15.5,2.0,12.2,55,2026-09-16
2026-09-16,beijing,1,基本晴朗,0,31.4,19.4,0.0,11.1,60,2026-09-16
2026-09-16,botou,3,阴,0,30.5,18.2,0.0,11.0,63,2026-09-16
2026-09-16,cangzhou,3,阴,0,31.1,19.0,0.0,11.4,63,2026-09-16
2026-09-16,changchun,51,小毛毛雨,1,25.4,12.4,0.6,20.9,67,2026-09-16
2026-09-16,changsha,51,小毛毛雨,1,33.0,22.5,0.1,10.3,66,2026-09-16
2026-09-16,chengde,51,小毛毛雨,1,29.5,12.2,0.1,10.4,77,2026-09-16
2026-09-16,chengdu,80,阵雨,1,24.1,17.9,11.1,7.7,85,2026-09-16
2026-09-16,chifeng,0,晴,0,30.2,13.3,0.0,10.1,50,2026-09-16
2026-09-16,chongqing,55,浓毛毛雨,1,23.6,20.2,3.4,7.1,87,2026-09-16
2026-09-16,dalian,1,基本晴朗,0,25.2,21.4,0.0,20.6,68,2026-09-16
2026-09-16,eerduosi,95,雷阵雨,1,21.5,11.6,6.9,19.2,76,2026-09-16
2026-09-16,fuzhou,2,多云,0,29.0,22.9,0.0,12.6,67,2026-09-16
2026-09-16,guangzhou,53,毛毛雨,1,30.7,24.8,3.3,6.7,82,2026-09-16
2026-09-16,guiyang,55,浓毛毛雨,1,26.7,17.0,3.7,18.1,84,2026-09-16
2026-09-16,haerbin,55,浓毛毛雨,1,22.2,10.6,2.1,15.1,77,2026-09-16
2026-09-16,haikou,53,毛毛雨,1,30.3,24.9,2.4,18.4,81,2026-09-16
2026-09-16,hangzhou,3,阴,0,30.3,20.9,0.0,9.8,51,2026-09-16
2026-09-16,hefei,3,阴,0,27.7,20.4,0.0,10.7,59,2026-09-16
2026-09-16,huhehaote,51,小毛毛雨,1,25.0,11.8,0.1,22.9,58,2026-09-16
2026-09-16,jinan,3,阴,0,32.7,22.6,0.0,17.4,36,2026-09-16
2026-09-16,jiuquan,0,晴,0,27.4,12.6,0.0,14.9,32,2026-09-16
2026-09-16,kunming,51,小毛毛雨,1,24.3,14.3,1.1,16.3,74,2026-09-16
2026-09-16,lanzhou,53,毛毛雨,1,21.5,14.4,2.0,11.6,78,2026-09-16
2026-09-16,lasa,81,强阵雨,1,17.2,7.2,10.6,7.3,75,2026-09-16
2026-09-16,liaocheng,3,阴,0,33.1,20.4,0.0,19.5,42,2026-09-16
2026-09-16,liupanshui,55,浓毛毛雨,1,23.4,14.9,4.1,18.6,83,2026-09-16
2026-09-16,nanchang,2,多云,0,31.5,23.5,0.0,13.6,55,2026-09-16
2026-09-16,nanchong,81,强阵雨,1,23.6,19.0,18.8,7.4,89,2026-09-16
2026-09-16,nanning,53,毛毛雨,1,29.6,24.5,1.5,11.4,89,2026-09-16
2026-09-16,shanghai,3,阴,0,29.3,20.3,0.0,12.1,56,2026-09-16
2026-09-16,shenyang,1,基本晴朗,0,28.3,16.4,0.0,18.9,49,2026-09-16
2026-09-16,shenzhen,2,多云,0,30.9,24.6,0.0,12.3,78,2026-09-16
2026-09-16,shijiazhuang,3,阴,0,30.1,18.4,0.0,14.4,58,2026-09-16
2026-09-16,taiyuan,3,阴,0,26.6,15.1,0.0,12.5,47,2026-09-16
2026-09-16,tianjin,3,阴,0,31.6,20.0,0.0,8.7,65,2026-09-16
2026-09-16,wuhai,2,多云,0,26.1,15.9,0.0,22.9,57,2026-09-16
2026-09-16,wuhan,51,小毛毛雨,1,28.7,24.4,0.1,14.2,52,2026-09-16
2026-09-16,wulanhaote,3,阴,0,22.4,9.8,0.0,10.7,70,2026-09-16
2026-09-16,wulumuqi,53,毛毛雨,1,27.1,18.9,0.9,17.1,34,2026-09-16
2026-09-16,wuxi,3,阴,0,27.1,20.0,0.0,11.1,74,2026-09-16
2026-09-16,xian,3,阴,0,23.8,18.1,0.0,13.4,63,2026-09-16
2026-09-16,xianyang,3,阴,0,23.3,17.9,0.0,7.6,68,2026-09-16
2026-09-16,xining,51,小毛毛雨,1,18.2,8.7,0.9,15.3,76,2026-09-16
2026-09-16,yanan,51,小毛毛雨,1,22.6,12.8,0.3,13.9,67,2026-09-16
2026-09-16,yangzhou,3,阴,0,28.5,18.7,0.0,6.3,65,2026-09-16
2026-09-16,yantai,3,阴,0,29.5,19.4,0.0,19.8,64,2026-09-16
2026-09-16,yinchuan,51,小毛毛雨,1,23.3,15.8,1.1,9.3,67,2026-09-16
2026-09-16,yulin,3,阴,0,23.0,13.3,0.0,18.6,63,2026-09-16
2026-09-16,zhangjiakou,1,基本晴朗,0,29.4,12.8,0.0,9.0,46,2026-09-16
2026-09-16,zhengzhou,3,阴,0,30.0,20.9,0.0,16.0,46,2026-09-16
2026-09-16,zibo,3,阴,0,35.2,21.8,0.0,11.7,33,2026-09-16
2026-09-17,baoding,3,阴,0,29.8,18.5,0.0,8.0,56,2026-09-17
2026-09-17,baotou,2,多云,0,23.5,13.9,0.0,13.3,53,2026-09-17
2026-09-17,beijing,3,阴,0,31.1,20.5,0.0,8.9,58,2026-09-17
2026-09-17,botou,3,阴,0,30.0,19.1,0.0,11.6,57,2026-09-17
2026-09-17,cangzhou,51,小毛毛雨,1,31.5,19.8,0.1,12.9,56,2026-09-17
2026-09-17,changchun,1,基本晴朗,0,26.2,15.7,0.0,20.5,56,2026-09-17
2026-09-17,changsha,3,阴,0,29.9,21.2,0.0,14.7,72,2026-09-17
2026-09-17,chengde,51,小毛毛雨,1,29.6,14.2,0.1,22.7,75,2026-09-17
2026-09-17,chengdu,80,阵雨,1,25.4,19.1,5.3,10.0,86,2026-09-17
2026-09-17,chifeng,2,多云,0,29.9,14.0,0.0,24.7,48,2026-09-17
2026-09-17,chongqing,80,阵雨,1,26.0,20.5,5.1,5.5,83,2026-09-17
2026-09-17,dalian,3,阴,0,24.2,21.3,0.0,19.9,71,2026-09-17
2026-09-17,eerduosi,51,小毛毛雨,1,21.9,11.4,0.3,16.6,64,2026-09-17
2026-09-17,fuzhou,2,多云,0,31.3,21.8,0.0,13.7,66,2026-09-17
2026-09-17,guangzhou,51,小毛毛雨,1,32.0,25.0,2.6,8.7,77,2026-09-17
2026-09-17,guiyang,80,阵雨,1,26.8,17.8,9.2,15.6,81,2026-09-17
2026-09-17,haerbin,0,晴,0,26.3,14.0,0.0,18.4,68,2026-09-17
2026-09-17,haikou,53,毛毛雨,1,30.7,25.0,2.3,19.5,84,2026-09-17
2026-09-17,hangzhou,3,阴,0,31.5,21.4,0.0,16.3,57,2026-09-17
2026-09-17,hefei,61,小雨,1,25.3,19.0,8.2,12.8,73,2026-09-17
2026-09-17,huhehaote,51,小毛毛雨,1,23.6,14.0,0.1,12.7,54,2026-09-17
2026-09-17,jinan,55,浓毛毛雨,1,30.6,22.0,2.1,17.5,52,2026-09-17
2026-09-17,jiuquan,3,阴,0,27.2,13.6,0.0,12.7,29,2026-09-17
2026-09-17,kunming,80,阵雨,1,25.0,15.9,5.0,14.8,75,2026-09-17
2026-09-17,lanzhou,3,阴,0,24.5,11.8,0.0,8.9,73,2026-09-17
2026-09-17,lasa,51,小毛毛雨,1,16.9,8.4,2.1,5.5,75,2026-09-17
2026-09-17,liaocheng,3,阴,0,31.2,20.7,0.0,12.4,40,2026-09-17
2026-09-17,liupanshui,96,雷阵雨伴冰雹,1,23.4,16.3,7.2,15.4,85,2026-09-17
2026-09-17,nanchang,3,阴,0,33.7,24.3,0.0,15.0,54,2026-09-17
2026-09-17,nanchong,81,强阵雨,1,25.2,19.4,5.6,7.4,85,2026-09-17
2026-09-17,nanning,53,毛毛雨,1,30.5,23.9,2.5,11.2,87,2026-09-17
2026-09-17,shanghai,51,小毛毛雨,1,29.7,21.9,1.1,13.3,59,2026-09-17
2026-09-17,shenyang,0,晴,0,28.8,18.2,0.0,17.3,48,2026-09-17
2026-09-17,shenzhen,51,小毛毛雨,1,30.6,24.2,0.6,11.4,79,2026-09-17
2026-09-17,shijiazhuang,3,阴,0,29.9,17.2,0.0,9.7,68,2026-09-17
2026-09-17,taiyuan,3,阴,0,24.8,16.0,0.0,16.7,52,2026-09-17
2026-09-17,tianjin,3,阴,0,31.5,20.3,0.0,8.9,61,2026-09-17
2026-09-17,wuhai,3,阴,0,26.5,14.5,0.0,13.0,57,2026-09-17
2026-09-17,wuhan,81,强阵雨,1,23.0,20.6,15.9,14.6,84,2026-09-17
2026-09-17,wulanhaote,0,晴,0,25.3,13.7,0.0,21.1,74,2026-09-17
2026-09-17,wulumuqi,53,毛毛雨,1,22.7,16.3,0.9,13.8,40,2026-09-17
2026-09-17,wuxi,3,阴,0,26.5,20.8,0.0,12.4,78,2026-09-17
2026-09-17,xian,2,多云,0,25.2,16.3,0.0,11.2,71,2026-09-17
2026-09-17,xianyang,2,多云,0,25.1,16.3,0.0,14.0,70,2026-09-17
2026-09-17,xining,3,阴,0,19.9,5.6,0.0,9.2,70,2026-09-17
2026-09-17,yanan,51,小毛毛雨,1,23.6,10.9,0.2,11.3,70,2026-09-17
2026-09-17,yangzhou,55,浓毛毛雨,1,25.4,21.2,4.2,10.6,79,2026-09-17
2026-09-17,yantai,3,阴,0,27.0,18.8,0.0,14.3,62,2026-09-17
2026-09-17,yinchuan,3,阴,0,27.2,13.0,0.0,13.9,59,2026-09-17
2026-09-17,yulin,3,阴,0,22.7,13.6,0.0,17.2,58,2026-09-17
2026-09-17,zhangjiakou,3,阴,0,28.7,15.3,0.0,19.5,45,2026-09-17
2026-09-17,zhengzhou,3,阴,0,26.0,19.9,0.0,12.9,53,2026-09-17
2026-09-17,zibo,51,小毛毛雨,1,32.4,21.9,0.2,10.3,44,2026-09-17
2026-09-18,baoding,3,阴,0,27.6,18.4,0.0,10.2,74,2026-09-18
2026-09-18,baotou,53,毛毛雨,1,23.6,14.4,1.3,16.7,62,2026-09-18
2026-09-18,beijing,51,小毛毛雨,1,29.0,21.2,1.0,10.7,65,2026-09-18
2026-09-18,botou,3,阴,0,28.6,18.5,0.0,13.2,76,2026-09-18
2026-09-18,cangzhou,53,毛毛雨,1,28.0,19.1,1.5,13.9,80,2026-09-18
2026-09-18,changchun,1,基本晴朗,0,25.5,16.0,0.0,18.1,60,2026-09-18
2026-09-18,changsha,3,阴,0,29.0,20.8,0.0,13.3,73,2026-09-18
2026-09-18,chengde,3,阴,0,27.3,18.0,0.0,13.7,72,2026-09-18
2026-09-18,chengdu,51,小毛毛雨,1,24.3,20.3,1.5,8.5,87,2026-09-18
2026-09-18,chifeng,1,基本晴朗,0,29.2,14.4,0.0,17.5,50,2026-09-18
2026-09-18,chongqing,95,雷阵雨,1,26.6,20.9,16.3,9.2,88,2026-09-18
2026-09-18,dalian,51,小毛毛雨,1,24.4,21.2,1.4,18.8,72,2026-09-18
2026-09-18,eerduosi,51,小毛毛雨,1,21.8,11.8,0.2,19.0,68,2026-09-18
2026-09-18,fuzhou,2,多云,0,32.2,22.9,0.0,10.5,68,2026-09-18
2026-09-18,guangzhou,51,小毛毛雨,1,33.1,25.2,1.2,10.3,78,2026-09-18
2026-09-18,guiyang,53,毛毛雨,1,26.8,17.9,4.8,19.1,79,2026-09-18
2026-09-18,haerbin,0,晴,0,26.2,18.1,0.0,19.0,61,2026-09-18
2026-09-18,haikou,53,毛毛雨,1,29.9,24.7,1.8,24.1,83,2026-09-18
2026-09-18,hangzhou,3,阴,0,33.4,23.4,0.0,14.9,59,2026-09-18
2026-09-18,hefei,81,强阵雨,1,24.6,19.6,5.3,8.3,86,2026-09-18
2026-09-18,huhehaote,53,毛毛雨,1,24.0,12.6,1.5,11.9,65,2026-09-18
2026-09-18,jinan,3,阴,0,30.0,19.1,0.0,10.5,48,2026-09-18
2026-09-18,jiuquan,3,阴,0,22.5,11.2,0.0,16.7,38,2026-09-18
2026-09-18,kunming,53,毛毛雨,1,24.0,15.6,3.1,15.1,73,2026-09-18
2026-09-18,lanzhou,3,阴,0,25.7,14.0,0.0,12.1,63,2026-09-18
2026-09-18,lasa,51,小毛毛雨,1,17.8,8.7,1.1,8.0,70,2026-09-18
2026-09-18,liaocheng,3,阴,0,30.5,21.0,0.0,12.0,44,2026-09-18
2026-09-18,liupanshui,80,阵雨,1,23.6,16.3,3.7,18.6,86,2026-09-18
2026-09-18,nanchang,3,阴,0,31.2,22.3,0.0,13.7,69,2026-09-18
2026-09-18,nanchong,3,阴,0,25.6,18.8,0.0,10.6,85,2026-09-18
2026-09-18,nanning,1,基本晴朗,0,31.4,23.7,0.0,7.1,80,2026-09-18
2026-09-18,shanghai,51,小毛毛雨,1,31.1,23.8,1.0,12.3,66,2026-09-18
2026-09-18,shenyang,2,多云,0,28.3,16.8,0.0,12.2,53,2026-09-18
2026-09-18,shenzhen,1,基本晴朗,0,32.0,24.0,0.0,12.6,79,2026-09-18
2026-09-18,shijiazhuang,51,小毛毛雨,1,27.0,17.4,0.1,7.4,72,2026-09-18
2026-09-18,taiyuan,3,阴,0,25.3,14.0,0.0,12.7,53,2026-09-18
2026-09-18,tianjin,95,雷阵雨,1,27.2,19.7,2.3,12.4,76,2026-09-18
2026-09-18,wuhai,3,阴,0,25.6,17.0,0.0,24.9,56,2026-09-18
2026-09-18,wuhan,80,阵雨,1,24.8,19.7,3.5,7.2,83,2026-09-18
2026-09-18,wulanhaote,1,基本晴朗,0,27.0,15.8,0.0,21.7,58,2026-09-18
2026-09-18,wulumuqi,0,晴,0,25.0,13.3,0.0,12.0,32,2026-09-18
2026-09-18,wuxi,3,阴,0,27.8,22.7,0.0,14.4,77,2026-09-18
2026-09-18,xian,51,小毛毛雨,1,22.2,17.4,0.7,9.4,78,2026-09-18
2026-09-18,xianyang,51,小毛毛雨,1,21.8,17.6,0.8,16.1,75,2026-09-18
2026-09-18,xining,3,阴,0,21.4,8.4,0.0,17.6,63,2026-09-18
2026-09-18,yanan,3,阴,0,21.6,12.5,0.0,13.0,79,2026-09-18
2026-09-18,yangzhou,51,小毛毛雨,1,27.4,21.2,0.2,12.1,80,2026-09-18
2026-09-18,yantai,3,阴,0,27.4,17.4,0.0,26.5,69,2026-09-18
2026-09-18,yinchuan,3,阴,0,26.7,15.1,0.0,9.6,58,2026-09-18
2026-09-18,yulin,3,阴,0,22.2,13.4,0.0,19.2,72,2026-09-18
2026-09-18,zhangjiakou,51,小毛毛雨,1,27.2,15.9,0.2,20.0,54,2026-09-18
2026-09-18,zhengzhou,3,阴,0,27.9,18.1,0.0,7.9,59,2026-09-18
2026-09-18,zibo,51,小毛毛雨,1,31.3,20.8,0.1,12.2,57,2026-09-18
2026-09-19,baoding,51,小毛毛雨,1,27.5,19.1,0.2,7.0,78,2026-09-19
2026-09-19,baotou,55,浓毛毛雨,1,22.4,14.6,3.0,16.8,70,2026-09-19
2026-09-19,beijing,3,阴,0,27.9,20.2,0.0,9.4,65,2026-09-19
2026-09-19,botou,3,阴,0,28.5,18.0,0.0,6.5,74,2026-09-19
2026-09-19,cangzhou,3,阴,0,28.8,18.2,0.0,7.2,76,2026-09-19
2026-09-19,changchun,3,阴,0,25.4,15.5,0.0,18.2,61,2026-09-19
2026-09-19,changsha,3,阴,0,28.3,21.8,0.0,10.8,78,2026-09-19
2026-09-19,chengde,3,阴,0,27.9,14.1,0.0,10.6,71,2026-09-19
2026-09-19,chengdu,51,小毛毛雨,1,24.0,19.1,1.2,11.4,88,2026-09-19
2026-09-19,chifeng,53,毛毛雨,1,28.9,14.4,0.9,13.5,61,2026-09-19
2026-09-19,chongqing,81,强阵雨,1,28.5,21.4,9.1,10.3,85,2026-09-19
2026-09-19,dalian,3,阴,0,25.1,20.7,0.0,11.7,77,2026-09-19
2026-09-19,eerduosi,51,小毛毛雨,1,22.5,10.7,0.3,16.5,74,2026-09-19
2026-09-19,fuzhou,2,多云,0,35.2,24.2,0.0,12.7,69,2026-09-19
2026-09-19,guangzhou,51,小毛毛雨,1,33.8,25.3,1.4,8.3,77,2026-09-19
2026-09-19,guiyang,51,小毛毛雨,1,28.2,17.9,0.2,20.5,72,2026-09-19
2026-09-19,haerbin,51,小毛毛雨,1,25.7,15.7,0.1,20.4,61,2026-09-19
2026-09-19,haikou,95,雷阵雨,1,29.2,26.2,6.2,20.3,86,2026-09-19
2026-09-19,hangzhou,51,小毛毛雨,1,33.1,23.6,0.1,14.3,69,2026-09-19
2026-09-19,hefei,3,阴,0,27.7,20.8,0.0,6.8,82,2026-09-19
2026-09-19,huhehaote,80,阵雨,1,23.2,12.7,2.9,11.1,70,2026-09-19
2026-09-19,jinan,3,阴,0,30.8,19.6,0.0,9.2,54,2026-09-19
2026-09-19,jiuquan,3,阴,0,22.9,13.6,0.0,16.2,36,2026-09-19
2026-09-19,kunming,80,阵雨,1,23.5,15.8,6.2,14.5,80,2026-09-19
2026-09-19,lanzhou,80,阵雨,1,16.3,12.7,6.5,15.3,81,2026-09-19
2026-09-19,lasa,51,小毛毛雨,1,18.3,9.1,2.2,9.3,68,2026-09-19
2026-09-19,liaocheng,3,阴,0,31.7,19.8,0.0,9.8,53,2026-09-19
2026-09-19,liupanshui,95,雷阵雨,1,24.1,17.0,2.6,19.5,81,2026-09-19
2026-09-19,nanchang,3,阴,0,31.7,23.4,0.0,11.8,70,2026-09-19
2026-09-19,nanchong,82,暴雨,1,26.9,19.4,19.0,14.5,83,2026-09-19
2026-09-19,nanning,0,晴,0,32.8,24.8,0.0,7.7,79,2026-09-19
2026-09-19,shanghai,53,毛毛雨,1,31.0,24.8,1.8,13.5,72,2026-09-19
2026-09-19,shenyang,3,阴,0,27.9,18.1,0.0,13.7,58,2026-09-19
2026-09-19,shenzhen,1,基本晴朗,0,33.1,24.2,0.0,9.3,77,2026-09-19
2026-09-19,shijiazhuang,3,阴,0,27.8,17.9,0.0,7.8,75,2026-09-19
2026-09-19,taiyuan,3,阴,0,25.1,14.6,0.0,8.5,64,2026-09-19
2026-09-19,tianjin,3,阴,0,28.5,18.4,0.0,8.6,71,2026-09-19
2026-09-19,wuhai,53,毛毛雨,1,22.8,16.8,2.2,23.1,69,2026-09-19
2026-09-19,wuhan,3,阴,0,27.1,20.8,0.0,6.2,82,2026-09-19
2026-09-19,wulanhaote,81,强阵雨,1,26.8,15.0,4.0,19.3,62,2026-09-19
2026-09-19,wulumuqi,1,基本晴朗,0,28.8,14.5,0.0,19.5,25,2026-09-19
2026-09-19,wuxi,51,小毛毛雨,1,29.1,23.0,0.5,16.7,84,2026-09-19
2026-09-19,xian,51,小毛毛雨,1,24.1,16.0,0.6,7.5,82,2026-09-19
2026-09-19,xianyang,51,小毛毛雨,1,23.3,16.8,0.3,12.1,76,2026-09-19
2026-09-19,xining,81,强阵雨,1,14.0,9.6,7.5,15.7,80,2026-09-19
2026-09-19,yanan,51,小毛毛雨,1,24.1,10.1,0.7,14.8,76,2026-09-19
2026-09-19,yangzhou,80,阵雨,1,26.7,21.8,4.5,13.1,89,2026-09-19
2026-09-19,yantai,3,阴,0,28.2,18.0,0.0,19.6,72,2026-09-19
2026-09-19,yinchuan,55,浓毛毛雨,1,22.9,15.3,3.0,15.5,72,2026-09-19
2026-09-19,yulin,3,阴,0,21.4,12.0,0.0,14.3,73,2026-09-19
2026-09-19,zhangjiakou,51,小毛毛雨,1,27.4,15.0,0.2,17.2,61,2026-09-19
2026-09-19,zhengzhou,3,阴,0,29.5,19.4,0.0,9.5,61,2026-09-19
2026-09-19,zibo,3,阴,0,31.6,19.3,0.0,10.6,64,2026-09-19
2026-09-20,baoding,53,毛毛雨,1,28.2,20.8,1.1,11.8,77,2026-09-20
2026-09-20,baotou,51,小毛毛雨,1,24.6,14.8,0.4,14.2,39,2026-09-20
2026-09-20,beijing,51,小毛毛雨,1,28.5,21.5,0.1,10.3,63,2026-09-20
2026-09-20,botou,53,毛毛雨,1,27.6,19.8,1.0,12.4,78,2026-09-20
2026-09-20,cangzhou,53,毛毛雨,1,27.6,20.2,1.3,12.7,77,2026-09-20
2026-09-20,changchun,53,毛毛雨,1,18.8,11.2,1.8,12.7,75,2026-09-20
2026-09-20,changsha,3,阴,0,29.7,23.6,0.0,9.4,76,2026-09-20
2026-09-20,chengde,81,强阵雨,1,23.4,16.9,8.8,5.2,81,2026-09-20
2026-09-20,chengdu,51,小毛毛雨,1,26.1,20.3,0.1,8.6,78,2026-09-20
2026-09-20,chifeng,51,小毛毛雨,1,23.0,14.5,0.4,15.1,53,2026-09-20
2026-09-20,chongqing,53,毛毛雨,1,27.2,22.6,0.8,9.7,85,2026-09-20
2026-09-20,dalian,51,小毛毛雨,1,24.5,19.4,1.3,13.7,80,2026-09-20
2026-09-20,eerduosi,51,小毛毛雨,1,20.8,12.2,0.6,11.7,66,2026-09-20
2026-09-20,fuzhou,51,小毛毛雨,1,34.2,26.0,2.2,12.5,71,2026-09-20
2026-09-20,guangzhou,95,雷阵雨,1,33.9,25.6,1.0,10.8,75,2026-09-20
2026-09-20,guiyang,1,基本晴朗,0,29.9,17.7,0.0,18.1,68,2026-09-20
2026-09-20,haerbin,81,强阵雨,1,18.3,8.5,4.3,16.8,75,2026-09-20
2026-09-20,haikou,3,阴,0,29.9,24.6,0.0,20.2,84,2026-09-20
2026-09-20,hangzhou,51,小毛毛雨,1,29.7,24.0,1.0,11.8,77,2026-09-20
2026-09-20,hefei,53,毛毛雨,1,27.5,21.6,1.2,7.8,85,2026-09-20
2026-09-20,huhehaote,3,阴,0,24.4,13.0,0.0,6.8,58,2026-09-20
2026-09-20,jinan,3,阴,0,29.3,22.6,0.0,11.5,55,2026-09-20
2026-09-20,jiuquan,1,基本晴朗,0,23.3,9.6,0.0,14.1,43,2026-09-20
2026-09-20,kunming,51,小毛毛雨,1,25.5,13.9,0.1,10.8,64,2026-09-20
2026-09-20,lanzhou,3,阴,0,18.2,11.1,0.0,7.1,72,2026-09-20
2026-09-20,lasa,51,小毛毛雨,1,18.1,7.7,1.1,7.6,67,2026-09-20
2026-09-20,liaocheng,3,阴,0,29.5,22.5,0.0,10.9,54,2026-09-20
2026-09-20,liupanshui,3,阴,0,26.5,14.1,0.0,17.7,77,2026-09-20
2026-09-20,nanchang,51,小毛毛雨,1,32.1,24.2,0.3,12.3,69,2026-09-20
2026-09-20,nanchong,81,强阵雨,1,26.3,21.1,16.6,13.0,82,2026-09-20
2026-09-20,nanning,0,晴,0,33.0,24.8,0.0,7.5,76,2026-09-20
2026-09-20,shanghai,3,阴,0,29.0,22.2,0.0,11.9,71,2026-09-20
2026-09-20,shenyang,51,小毛毛雨,1,21.8,14.8,0.6,13.1,72,2026-09-20
2026-09-20,shenzhen,53,毛毛雨,1,33.1,24.2,1.9,7.9,74,2026-09-20
2026-09-20,shijiazhuang,81,强阵雨,1,28.2,20.1,5.4,16.3,86,2026-09-20
2026-09-20,taiyuan,51,小毛毛雨,1,25.6,17.6,0.2,5.6,64,2026-09-20
2026-09-20,tianjin,53,毛毛雨,1,26.2,20.2,1.7,11.4,76,2026-09-20
2026-09-20,wuhai,3,阴,0,22.9,14.4,0.0,15.7,52,2026-09-20
2026-09-20,wuhan,3,阴,0,28.2,23.2,0.0,7.3,81,2026-09-20
2026-09-20,wulanhaote,51,小毛毛雨,1,17.8,9.3,0.2,14.1,71,2026-09-20
2026-09-20,wulumuqi,53,毛毛雨,1,29.7,19.1,1.2,19.1,19,2026-09-20
2026-09-20,wuxi,51,小毛毛雨,1,28.2,22.4,0.1,15.4,78,2026-09-20
2026-09-20,xian,53,毛毛雨,1,20.1,17.9,3.9,11.3,88,2026-09-20
2026-09-20,xianyang,53,毛毛雨,1,21.8,17.9,2.6,14.7,87,2026-09-20
2026-09-20,xining,3,阴,0,15.7,7.8,0.0,11.9,79,2026-09-20
2026-09-20,yanan,51,小毛毛雨,1,21.4,15.9,0.3,7.5,79,2026-09-20
2026-09-20,yangzhou,3,阴,0,28.4,21.5,0.0,10.3,79,2026-09-20
2026-09-20,yantai,3,阴,0,26.8,19.6,0.0,14.7,80,2026-09-20
2026-09-20,yinchuan,51,小毛毛雨,1,22.2,13.8,0.2,18.6,59,2026-09-20
2026-09-20,yulin,51,小毛毛雨,1,22.4,13.4,0.6,11.4,69,2026-09-20
2026-09-20,zhangjiakou,3,阴,0,24.7,14.6,0.0,13.0,59,2026-09-20
2026-09-20,zhengzhou,61,小雨,1,24.4,21.5,5.2,7.8,77,2026-09-20
2026-09-20,zibo,3,阴,0,30.0,22.2,0.0,14.8,59,2026-09-20
2026-09-21,baoding,51,小毛毛雨,1,27.7,19.8,0.7,8.9,76,2026-09-21
2026-09-21,baotou,2,多云,0,22.8,10.4,0.0,9.2,43,2026-09-21
2026-09-21,beijing,3,阴,0,30.8,19.9,0.0,12.2,53,2026-09-21
2026-09-21,botou,53,毛毛雨,1,27.4,19.9,1.5,7.0,76,2026-09-21
2026-09-21,cangzhou,51,小毛毛雨,1,27.7,20.0,0.7,9.7,74,2026-09-21
2026-09-21,changchun,0,晴,0,19.1,9.4,0.0,9.1,73,2026-09-21
2026-09-21,changsha,3,阴,0,30.8,22.8,0.0,12.2,75,2026-09-21
2026-09-21,chengde,0,晴,0,26.4,12.8,0.0,5.2,67,2026-09-21
2026-09-21,chengdu,51,小毛毛雨,1,26.8,20.6,0.5,7.2,79,2026-09-21
2026-09-21,chifeng,2,多云,0,26.4,10.3,0.0,14.4,44,2026-09-21
2026-09-21,chongqing,80,阵雨,1,26.0,21.9,6.6,10.0,85,2026-09-21
2026-09-21,dalian,3,阴,0,28.1,18.0,0.0,16.2,48,2026-09-21
2026-09-21,eerduosi,3,阴,0,22.0,9.4,0.0,9.4,51,2026-09-21
2026-09-21,fuzhou,95,雷阵雨,1,31.4,25.0,6.9,13.0,76,2026-09-21
2026-09-21,guangzhou,95,雷阵雨,1,31.5,25.7,3.3,7.6,84,2026-09-21
2026-09-21,guiyang,51,小毛毛雨,1,29.8,18.1,0.3,12.7,68,2026-09-21
2026-09-21,haerbin,3,阴,0,16.0,7.8,0.0,7.3,68,2026-09-21
2026-09-21,haikou,2,多云,0,30.9,24.3,0.0,19.0,84,2026-09-21
2026-09-21,hangzhou,0,晴,0,31.4,22.6,0.0,10.7,60,2026-09-21
2026-09-21,hefei,53,毛毛雨,1,26.2,22.9,2.3,15.0,88,2026-09-21
2026-09-21,huhehaote,0,晴,0,23.0,7.7,0.0,6.3,57,2026-09-21
2026-09-21,jinan,3,阴,0,27.3,20.9,0.0,10.5,61,2026-09-21
2026-09-21,jiuquan,0,晴,0,24.8,10.2,0.0,10.9,31,2026-09-21
2026-09-21,kunming,51,小毛毛雨,1,26.2,16.2,0.4,11.5,60,2026-09-21
2026-09-21,lanzhou,3,阴,0,22.1,9.9,0.0,6.1,75,2026-09-21
2026-09-21,lasa,51,小毛毛雨,1,17.8,10.2,0.8,8.6,60,2026-09-21
2026-09-21,liaocheng,53,毛毛雨,1,27.7,21.3,2.1,10.5,65,2026-09-21
2026-09-21,liupanshui,55,浓毛毛雨,1,25.7,13.9,4.5,16.8,81,2026-09-21
2026-09-21,nanchang,53,毛毛雨,1,32.5,24.6,1.9,12.1,70,2026-09-21
2026-09-21,nanchong,3,阴,0,26.2,21.1,0.0,12.8,77,2026-09-21
2026-09-21,nanning,51,小毛毛雨,1,33.3,25.2,0.3,7.4,75,2026-09-21
2026-09-21,shanghai,3,阴,0,29.1,21.2,0.0,12.1,74,2026-09-21
2026-09-21,shenyang,0,晴,0,24.3,12.3,0.0,9.3,62,2026-09-21
2026-09-21,shenzhen,95,雷阵雨,1,31.9,24.8,3.8,6.4,82,2026-09-21
2026-09-21,shijiazhuang,95,雷阵雨,1,24.1,19.1,8.4,9.8,89,2026-09-21
2026-09-21,taiyuan,55,浓毛毛雨,1,22.6,16.2,3.8,9.4,83,2026-09-21
2026-09-21,tianjin,51,小毛毛雨,1,27.5,20.0,0.3,7.0,73,2026-09-21
2026-09-21,wuhai,0,晴,0,23.3,12.5,0.0,10.5,56,2026-09-21
2026-09-21,wuhan,51,小毛毛雨,1,28.0,23.3,1.5,12.1,83,2026-09-21
2026-09-21,wulanhaote,3,阴,0,15.7,8.1,0.0,11.3,77,2026-09-21
2026-09-21,wulumuqi,3,阴,0,30.1,17.2,0.0,18.6,32,2026-09-21
2026-09-21,wuxi,2,多云,0,28.4,21.6,0.0,16.2,77,2026-09-21
2026-09-21,xian,51,小毛毛雨,1,24.9,17.0,0.2,10.8,79,2026-09-21
2026-09-21,xianyang,51,小毛毛雨,1,25.2,17.1,0.2,12.2,79,2026-09-21
2026-09-21,xining,51,小毛毛雨,1,20.2,6.6,1.3,10.1,80,2026-09-21
2026-09-21,yanan,80,阵雨,1,21.3,15.4,3.5,13.5,80,2026-09-21
2026-09-21,yangzhou,3,阴,0,27.5,20.9,0.0,11.4,82,2026-09-21
2026-09-21,yantai,3,阴,0,25.0,20.7,0.0,19.4,63,2026-09-21
2026-09-21,yinchuan,3,阴,0,24.2,11.4,0.0,8.7,58,2026-09-21
2026-09-21,yulin,3,阴,0,22.4,12.1,0.0,10.7,64,2026-09-21
2026-09-21,zhangjiakou,0,晴,0,26.1,9.6,0.0,8.0,40,2026-09-21
2026-09-21,zhengzhou,51,小毛毛雨,1,23.7,20.4,0.8,7.9,88,2026-09-21
2026-09-21,zibo,3,阴,0,27.2,20.6,0.0,11.5,64,2026-09-21
2026-09-22,baoding,51,小毛毛雨,1,27.8,18.9,0.3,11.8,72,2026-09-22
2026-09-22,baotou,1,基本晴朗,0,23.8,12.4,0.0,12.3,44,2026-09-22
2026-09-22,beijing,3,阴,0,30.0,20.2,0.0,14.5,57,2026-09-22
2026-09-22,botou,1,基本晴朗,0,28.5,16.8,0.0,8.7,68,2026-09-22
2026-09-22,cangzhou,1,基本晴朗,0,28.9,17.2,0.0,8.7,67,2026-09-22
2026-09-22,changchun,1,基本晴朗,0,24.4,11.0,0.0,19.6,65,2026-09-22
2026-09-22,changsha,51,小毛毛雨,1,28.4,22.6,0.6,15.0,81,2026-09-22
2026-09-22,chengde,1,基本晴朗,0,27.1,12.5,0.0,11.6,67,2026-09-22
2026-09-22,chengdu,53,毛毛雨,1,25.2,20.1,3.8,8.1,85,2026-09-22
2026-09-22,chifeng,3,阴,0,28.2,12.7,0.0,16.2,43,2026-09-22
2026-09-22,chongqing,80,阵雨,1,23.9,22.0,9.9,6.0,91,2026-09-22
2026-09-22,dalian,0,晴,0,25.9,18.8,0.0,12.7,62,2026-09-22
2026-09-22,eerduosi,3,阴,0,23.0,9.7,0.0,13.5,50,2026-09-22
2026-09-22,fuzhou,51,小毛毛雨,1,30.3,25.1,0.1,12.6,70,2026-09-22
2026-09-22,guangzhou,96,雷阵雨伴冰雹,1,32.5,25.7,6.1,8.6,81,2026-09-22
2026-09-22,guiyang,53,毛毛雨,1,27.7,17.2,3.9,11.0,81,2026-09-22
2026-09-22,haerbin,51,小毛毛雨,1,20.0,9.7,0.1,13.3,75,2026-09-22
2026-09-22,haikou,53,毛毛雨,1,30.3,25.4,2.7,18.3,84,2026-09-22
2026-09-22,hangzhou,3,阴,0,31.3,23.0,0.0,13.2,63,2026-09-22
2026-09-22,hefei,55,浓毛毛雨,1,26.3,21.5,4.6,9.8,83,2026-09-22
2026-09-22,huhehaote,2,多云,0,23.3,9.8,0.0,12.5,56,2026-09-22
2026-09-22,jinan,0,晴,0,30.5,19.1,0.0,13.1,37,2026-09-22
2026-09-22,jiuquan,1,基本晴朗,0,26.5,12.2,0.0,11.9,21,2026-09-22
2026-09-22,kunming,51,小毛毛雨,1,25.9,16.8,0.9,15.8,60,2026-09-22
2026-09-22,lanzhou,3,阴,0,24.4,11.4,0.0,7.4,66,2026-09-22
2026-09-22,lasa,53,毛毛雨,1,16.6,8.0,5.5,6.6,78,2026-09-22
2026-09-22,liaocheng,0,晴,0,30.7,18.7,0.0,10.4,51,2026-09-22
2026-09-22,liupanshui,95,雷阵雨,1,23.5,15.6,14.6,16.4,91,2026-09-22
2026-09-22,nanchang,51,小毛毛雨,1,29.7,24.6,0.3,11.6,77,2026-09-22
2026-09-22,nanchong,55,浓毛毛雨,1,23.6,20.2,5.0,7.0,90,2026-09-22
2026-09-22,nanning,51,小毛毛雨,1,31.8,25.2,1.0,13.1,82,2026-09-22
2026-09-22,shanghai,3,阴,0,29.8,21.9,0.0,10.1,69,2026-09-22
2026-09-22,shenyang,0,晴,0,30.2,14.0,0.0,13.7,51,2026-09-22
2026-09-22,shenzhen,95,雷阵雨,1,31.6,24.4,6.6,9.4,86,2026-09-22
2026-09-22,shijiazhuang,80,阵雨,1,26.9,16.7,2.7,9.4,88,2026-09-22
2026-09-22,taiyuan,51,小毛毛雨,1,23.8,15.1,0.6,8.2,79,2026-09-22
2026-09-22,tianjin,1,基本晴朗,0,28.3,19.0,0.0,9.7,67,2026-09-22
2026-09-22,wuhai,0,晴,0,26.2,14.9,0.0,13.8,43,2026-09-22
2026-09-22,wuhan,55,浓毛毛雨,1,25.8,21.1,4.2,9.0,85,2026-09-22
2026-09-22,wulanhaote,3,阴,0,19.4,7.0,0.0,16.7,78,2026-09-22
2026-09-22,wulumuqi,51,小毛毛雨,1,22.0,16.0,0.3,15.2,46,2026-09-22
2026-09-22,wuxi,3,阴,0,28.0,21.9,0.0,12.1,76,2026-09-22
2026-09-22,xian,3,阴,0,24.2,15.6,0.0,7.7,84,2026-09-22
2026-09-22,xianyang,3,阴,0,23.4,16.3,0.0,8.3,83,2026-09-22
2026-09-22,xining,51,小毛毛雨,1,20.2,8.5,0.7,17.8,72,2026-09-22
2026-09-22,yanan,51,小毛毛雨,1,24.0,14.0,0.3,15.9,76,2026-09-22
2026-09-22,yangzhou,3,阴,0,26.9,21.5,0.0,10.7,80,2026-09-22
2026-09-22,yantai,0,晴,0,27.2,18.2,0.0,14.1,70,2026-09-22
2026-09-22,yinchuan,1,基本晴朗,0,27.0,12.0,0.0,7.8,54,2026-09-22
2026-09-22,yulin,1,基本晴朗,0,23.5,10.6,0.0,11.8,67,2026-09-22
2026-09-22,zhangjiakou,1,基本晴朗,0,26.8,10.1,0.0,6.6,43,2026-09-22
2026-09-22,zhengzhou,3,阴,0,27.4,18.5,0.0,8.1,73,2026-09-22
2026-09-22,zibo,0,晴,0,31.1,16.7,0.0,11.4,49,2026-09-22
2026-09-23,baoding,3,阴,0,30.2,19.7,0.0,7.3,72,2026-09-23
2026-09-23,baotou,3,阴,0,25.4,13.8,0.0,9.0,41,2026-09-23
2026-09-23,beijing,3,阴,0,31.8,21.6,0.0,9.9,56,2026-09-23
2026-09-23,botou,3,阴,0,30.8,17.3,0.0,12.4,61,2026-09-23
2026-09-23,cangzhou,3,阴,0,31.0,18.2,0.0,11.3,59,2026-09-23
2026-09-23,changchun,95,雷阵雨,1,24.7,13.2,5.1,20.7,64,2026-09-23
2026-09-23,changsha,3,阴,0,28.0,21.3,0.0,10.7,80,2026-09-23
2026-09-23,chengde,3,阴,0,28.3,13.6,0.0,6.8,76,2026-09-23
2026-09-23,chengdu,53,毛毛雨,1,26.0,20.4,2.4,6.4,84,2026-09-23
2026-09-23,chifeng,55,浓毛毛雨,1,27.0,14.9,1.3,19.7,56,2026-09-23
2026-09-23,chongqing,61,小雨,1,27.4,21.3,3.8,10.2,83,2026-09-23
2026-09-23,dalian,3,阴,0,26.0,18.7,0.0,14.6,77,2026-09-23
2026-09-23,eerduosi,3,阴,0,24.4,10.8,0.0,12.0,48,2026-09-23
2026-09-23,fuzhou,3,阴,0,30.0,25.1,0.0,11.2,68,2026-09-23
2026-09-23,guangzhou,55,浓毛毛雨,1,33.8,25.5,1.7,7.2,78,2026-09-23
2026-09-23,guiyang,55,浓毛毛雨,1,28.4,18.4,2.9,18.3,74,2026-09-23
2026-09-23,haerbin,53,毛毛雨,1,17.4,10.2,2.4,16.1,78,2026-09-23
2026-09-23,haikou,53,毛毛雨,1,30.0,26.0,2.9,20.0,83,2026-09-23
2026-09-23,hangzhou,3,阴,0,32.0,23.5,0.0,15.5,60,2026-09-23
2026-09-23,hefei,53,毛毛雨,1,27.4,21.7,1.4,8.5,82,2026-09-23
2026-09-23,huhehaote,3,阴,0,25.3,11.3,0.0,7.1,58,2026-09-23
2026-09-23,jinan,3,阴,0,32.2,22.3,0.0,15.7,36,2026-09-23
2026-09-23,jiuquan,3,阴,0,24.5,15.3,0.0,16.1,25,2026-09-23
2026-09-23,kunming,51,小毛毛雨,1,27.2,16.5,0.2,14.4,55,2026-09-23
2026-09-23,lanzhou,81,强阵雨,1,21.1,13.1,9.4,12.5,75,2026-09-23
2026-09-23,lasa,53,毛毛雨,1,16.3,8.4,4.4,6.9,77,2026-09-23
2026-09-23,liaocheng,3,阴,0,32.3,19.9,0.0,13.3,47,2026-09-23
2026-09-23,liupanshui,51,小毛毛雨,1,25.0,14.9,0.1,19.1,76,2026-09-23
2026-09-23,nanchang,3,阴,0,30.8,23.4,0.0,9.3,75,2026-09-23
2026-09-23,nanchong,53,毛毛雨,1,26.8,21.0,4.6,10.2,85,2026-09-23
2026-09-23,nanning,51,小毛毛雨,1,31.9,24.9,0.6,9.6,84,2026-09-23
2026-09-23,shanghai,3,阴,0,30.6,22.5,0.0,13.6,62,2026-09-23
2026-09-23,shenyang,2,多云,0,28.9,17.5,0.0,16.5,51,2026-09-23
2026-09-23,shenzhen,53,毛毛雨,1,31.8,25.1,2.5,11.7,75,2026-09-23
2026-09-23,shijiazhuang,3,阴,0,29.7,17.9,0.0,7.8,78,2026-09-23
2026-09-23,taiyuan,51,小毛毛雨,1,27.1,15.2,0.3,8.3,67,2026-09-23
2026-09-23,tianjin,3,阴,0,30.9,19.8,0.0,8.5,57,2026-09-23
2026-09-23,wuhai,3,阴,0,26.2,16.6,0.0,22.4,36,2026-09-23
2026-09-23,wuhan,51,小毛毛雨,1,26.7,21.8,0.9,5.2,85,2026-09-23
2026-09-23,wulanhaote,80,阵雨,1,16.6,9.4,2.9,19.7,76,2026-09-23
2026-09-23,wulumuqi,3,阴,0,25.4,13.3,0.0,13.6,43,2026-09-23
2026-09-23,wuxi,51,小毛毛雨,1,27.7,23.5,0.1,12.0,79,2026-09-23
2026-09-23,xian,51,小毛毛雨,1,23.8,17.7,0.3,7.6,87,2026-09-23
2026-09-23,xianyang,53,毛毛雨,1,23.5,17.7,0.9,8.0,85,2026-09-23
2026-09-23,xining,80,阵雨,1,13.4,8.9,6.0,10.0,86,2026-09-23
2026-09-23,yanan,51,小毛毛雨,1,24.8,13.3,0.4,16.2,75,2026-09-23
2026-09-23,yangzhou,53,毛毛雨,1,26.6,21.5,1.4,9.9,86,2026-09-23
2026-09-23,yantai,3,阴,0,30.8,16.7,0.0,18.8,68,2026-09-23
2026-09-23,yinchuan,53,毛毛雨,1,26.2,13.7,0.8,13.7,55,2026-09-23
2026-09-23,yulin,3,阴,0,24.8,11.5,0.0,10.9,69,2026-09-23
2026-09-23,zhangjiakou,3,阴,0,29.2,12.8,0.0,7.8,45,2026-09-23
2026-09-23,zhengzhou,3,阴,0,29.1,19.9,0.0,7.3,69,2026-09-23
2026-09-23,zibo,3,阴,0,33.2,20.9,0.0,14.2,35,2026-09-23
2026-09-24,baoding,80,阵雨,1,24.1,19.6,3.1,15.1,81,2026-09-24
2026-09-24,baotou,51,小毛毛雨,1,23.7,15.9,0.1,18.2,52,2026-09-24
2026-09-24,beijing,81,强阵雨,1,26.5,17.8,14.2,12.4,81,2026-09-24
2026-09-24,botou,53,毛毛雨,1,26.7,20.4,1.0,19.7,74,2026-09-24
2026-09-24,cangzhou,80,阵雨,1,26.0,20.8,1.7,22.8,75,2026-09-24
2026-09-24,changchun,3,阴,0,18.1,9.6,0.0,10.5,60,2026-09-24
2026-09-24,changsha,2,多云,0,32.7,21.6,0.0,7.7,74,2026-09-24
2026-09-24,chengde,51,小毛毛雨,1,19.6,15.3,0.9,15.0,74,2026-09-24
2026-09-24,chengdu,51,小毛毛雨,1,25.4,21.2,1.5,7.4,86,2026-09-24
2026-09-24,chifeng,51,小毛毛雨,1,20.3,11.9,0.2,16.3,63,2026-09-24
2026-09-24,chongqing,95,雷阵雨,1,29.2,21.6,18.6,9.1,83,2026-09-24
2026-09-24,dalian,3,阴,0,24.5,20.5,0.0,12.8,81,2026-09-24
2026-09-24,eerduosi,3,阴,0,23.3,11.2,0.0,14.0,55,2026-09-24
2026-09-24,fuzhou,3,阴,0,30.8,24.6,0.0,11.3,69,2026-09-24
2026-09-24,guangzhou,80,阵雨,1,34.1,24.3,4.5,10.1,75,2026-09-24
2026-09-24,guiyang,51,小毛毛雨,1,29.1,18.4,0.3,21.5,72,2026-09-24
2026-09-24,haerbin,3,阴,0,19.2,6.2,0.0,10.6,63,2026-09-24
2026-09-24,haikou,80,阵雨,1,30.7,25.3,3.5,16.7,82,2026-09-24
2026-09-24,hangzhou,53,毛毛雨,1,32.6,24.0,2.4,12.1,66,2026-09-24
2026-09-24,hefei,53,毛毛雨,1,28.8,22.4,2.8,8.8,84,2026-09-24
2026-09-24,huhehaote,51,小毛毛雨,1,23.7,15.1,0.1,11.4,57,2026-09-24
2026-09-24,jinan,3,阴,0,30.6,23.3,0.0,13.5,40,2026-09-24
2026-09-24,jiuquan,1,基本晴朗,0,25.1,12.3,0.0,12.6,29,2026-09-24
2026-09-24,kunming,3,阴,0,27.4,16.2,0.0,12.2,52,2026-09-24
2026-09-24,lanzhou,3,阴,0,19.6,11.1,0.0,5.1,80,2026-09-24
2026-09-24,lasa,81,强阵雨,1,16.6,8.6,8.2,6.9,83,2026-09-24
2026-09-24,liaocheng,51,小毛毛雨,1,30.2,22.3,0.1,15.7,51,2026-09-24
2026-09-24,liupanshui,51,小毛毛雨,1,25.3,14.6,0.2,20.3,75,2026-09-24
2026-09-24,nanchang,3,阴,0,32.8,24.3,0.0,6.3,73,2026-09-24
2026-09-24,nanchong,81,强阵雨,1,27.0,21.9,7.3,8.5,83,2026-09-24
2026-09-24,nanning,80,阵雨,1,32.2,24.7,2.3,11.8,81,2026-09-24
2026-09-24,shanghai,3,阴,0,31.3,23.7,0.0,13.6,61,2026-09-24
2026-09-24,shenyang,51,小毛毛雨,1,21.9,14.5,0.3,13.7,59,2026-09-24
2026-09-24,shenzhen,51,小毛毛雨,1,32.1,24.9,1.3,11.5,77,2026-09-24
2026-09-24,shijiazhuang,53,毛毛雨,1,23.8,19.3,2.5,11.5,85,2026-09-24
2026-09-24,taiyuan,81,强阵雨,1,24.2,16.5,5.9,7.8,74,2026-09-24
2026-09-24,tianjin,81,强阵雨,1,24.5,19.0,10.8,14.6,84,2026-09-24
2026-09-24,wuhai,3,阴,0,24.9,16.0,0.0,13.7,49,2026-09-24
2026-09-24,wuhan,3,阴,0,28.5,22.2,0.0,7.2,83,2026-09-24
2026-09-24,wulanhaote,51,小毛毛雨,1,18.3,6.9,0.4,14.7,74,2026-09-24
2026-09-24,wulumuqi,51,小毛毛雨,1,24.8,14.6,0.1,12.9,40,2026-09-24
2026-09-24,wuxi,51,小毛毛雨,1,28.7,23.2,0.2,13.7,76,2026-09-24
2026-09-24,xian,80,阵雨,1,24.3,18.8,6.6,7.6,90,2026-09-24
2026-09-24,xianyang,55,浓毛毛雨,1,24.6,19.4,13.0,7.3,89,2026-09-24
2026-09-24,xining,3,阴,0,17.1,7.5,0.0,7.2,77,2026-09-24
2026-09-24,yanan,55,浓毛毛雨,1,22.2,14.7,3.6,17.5,84,2026-09-24
2026-09-24,yangzhou,53,毛毛雨,1,25.9,22.5,3.3,14.5,86,2026-09-24
2026-09-24,yantai,3,阴,0,29.5,18.8,0.0,13.0,70,2026-09-24
2026-09-24,yinchuan,3,阴,0,25.3,13.5,0.0,16.6,54,2026-09-24
2026-09-24,yulin,51,小毛毛雨,1,23.6,14.5,0.2,14.6,65,2026-09-24
2026-09-24,zhangjiakou,51,小毛毛雨,1,20.9,15.1,1.7,23.0,63,2026-09-24
2026-09-24,zhengzhou,80,阵雨,1,25.6,21.2,2.9,7.5,78,2026-09-24
2026-09-24,zibo,3,阴,0,32.6,23.9,0.0,14.1,36,2026-09-24
2026-09-25,baoding,53,毛毛雨,1,25.3,18.1,2.1,8.2,82,2026-09-24
2026-09-25,baotou,1,基本晴朗,0,24.7,14.1,0.0,9.5,54,2026-09-24
2026-09-25,beijing,53,毛毛雨,1,24.7,17.0,1.5,8.0,81,2026-09-24
2026-09-25,botou,51,小毛毛雨,1,27.2,19.1,0.2,8.2,78,2026-09-24
2026-09-25,cangzhou,51,小毛毛雨,1,27.3,19.3,0.8,9.5,79,2026-09-24
2026-09-25,changchun,51,小毛毛雨,1,17.2,10.2,0.3,10.1,69,2026-09-24
2026-09-25,changsha,51,小毛毛雨,1,34.4,24.2,0.5,10.1,70,2026-09-24
2026-09-25,chengde,3,阴,0,23.6,14.6,0.0,13.1,81,2026-09-24
2026-09-25,chengdu,51,小毛毛雨,1,27.4,21.1,1.2,6.2,82,2026-09-24
2026-09-25,chifeng,81,强阵雨,1,25.0,12.3,7.9,14.8,74,2026-09-24
2026-09-25,chongqing,51,小毛毛雨,1,29.9,22.8,0.2,9.4,82,2026-09-24
2026-09-25,dalian,51,小毛毛雨,1,25.7,21.7,0.2,16.8,77,2026-09-24
2026-09-25,eerduosi,51,小毛毛雨,1,23.7,12.3,0.1,9.5,62,2026-09-24
2026-09-25,fuzhou,2,多云,0,33.3,23.6,0.0,15.3,70,2026-09-24
2026-09-25,guangzhou,53,毛毛雨,1,33.6,24.5,3.2,11.7,74,2026-09-24
2026-09-25,guiyang,3,阴,0,29.5,18.6,0.0,21.9,69,2026-09-24
2026-09-25,haerbin,51,小毛毛雨,1,16.7,10.9,0.3,9.7,71,2026-09-24
2026-09-25,haikou,95,雷阵雨,1,30.4,24.8,2.1,14.9,85,2026-09-24
2026-09-25,hangzhou,51,小毛毛雨,1,34.5,22.9,0.2,6.0,67,2026-09-24
2026-09-25,hefei,95,雷阵雨,1,31.0,22.6,2.9,12.7,86,2026-09-24
2026-09-25,huhehaote,51,小毛毛雨,1,24.0,12.1,0.1,9.6,69,2026-09-24
2026-09-25,jinan,3,阴,0,28.2,21.7,0.0,11.2,56,2026-09-24
2026-09-25,jiuquan,3,阴,0,26.6,13.4,0.0,10.7,27,2026-09-24
2026-09-25,kunming,3,阴,0,28.4,16.6,0.0,12.8,54,2026-09-24
2026-09-25,lanzhou,3,阴,0,23.4,11.7,0.0,4.8,72,2026-09-24
2026-09-25,lasa,51,小毛毛雨,1,16.4,9.2,2.1,7.4,74,2026-09-24
2026-09-25,liaocheng,3,阴,0,28.9,21.1,0.0,13.7,57,2026-09-24
2026-09-25,liupanshui,3,阴,0,25.8,16.4,0.0,19.2,77,2026-09-24
2026-09-25,nanchang,51,小毛毛雨,1,34.3,25.5,0.1,7.9,69,2026-09-24
2026-09-25,nanchong,53,毛毛雨,1,27.9,21.8,1.2,7.7,84,2026-09-24
2026-09-25,nanning,51,小毛毛雨,1,31.4,24.3,1.7,13.6,81,2026-09-24
2026-09-25,shanghai,53,毛毛雨,1,33.1,23.9,2.1,12.5,65,2026-09-24
2026-09-25,shenyang,81,强阵雨,1,21.6,15.1,9.8,12.2,79,2026-09-24
2026-09-25,shenzhen,1,基本晴朗,0,31.7,24.2,0.0,13.2,76,2026-09-24
2026-09-25,shijiazhuang,81,强阵雨,1,24.1,18.3,6.7,8.3,86,2026-09-24
2026-09-25,taiyuan,53,毛毛雨,1,24.4,15.1,1.4,7.3,79,2026-09-24
2026-09-25,tianjin,55,浓毛毛雨,1,25.6,17.4,5.8,8.2,86,2026-09-24
2026-09-25,wuhai,3,阴,0,26.3,14.7,0.0,10.5,45,2026-09-24
2026-09-25,wuhan,51,小毛毛雨,1,31.8,23.9,0.1,8.2,80,2026-09-24
2026-09-25,wulanhaote,55,浓毛毛雨,1,11.6,10.0,4.5,9.2,85,2026-09-24
2026-09-25,wulumuqi,3,阴,0,22.5,14.2,0.0,11.7,42,2026-09-24
2026-09-25,wuxi,3,阴,0,28.7,23.1,0.0,14.0,81,2026-09-24
2026-09-25,xian,80,阵雨,1,22.0,19.4,6.8,9.0,94,2026-09-24
2026-09-25,xianyang,55,浓毛毛雨,1,22.3,19.4,5.7,12.7,92,2026-09-24
2026-09-25,xining,3,阴,0,20.6,6.3,0.0,11.4,70,2026-09-24
2026-09-25,yanan,53,毛毛雨,1,22.6,14.0,1.0,11.5,81,2026-09-24
2026-09-25,yangzhou,81,强阵雨,1,30.2,21.9,6.9,12.5,82,2026-09-24
2026-09-25,yantai,3,阴,0,25.7,19.3,0.0,14.8,70,2026-09-24
2026-09-25,yinchuan,2,多云,0,27.0,12.7,0.0,8.5,57,2026-09-24
2026-09-25,yulin,51,小毛毛雨,1,23.4,13.4,1.1,10.6,75,2026-09-24
2026-09-25,zhangjiakou,80,阵雨,1,25.9,13.4,2.1,10.9,73,2026-09-24
2026-09-25,zhengzhou,80,阵雨,1,22.5,19.9,9.6,11.0,91,2026-09-24
2026-09-25,zibo,53,毛毛雨,1,27.1,21.4,2.0,12.4,68,2026-09-24
2026-09-26,baoding,51,小毛毛雨,1,28.0,18.4,0.2,11.3,76,2026-09-24
2026-09-26,baotou,51,小毛毛雨,1,26.8,13.9,0.2,16.6,49,2026-09-24
2026-09-26,beijing,53,毛毛雨,1,23.8,17.5,1.0,6.2,88,2026-09-24
2026-09-26,botou,2,多云,0,28.7,17.9,0.0,10.4,74,2026-09-24
2026-09-26,cangzhou,1,基本晴朗,0,29.1,18.6,0.0,11.3,73,2026-09-24
2026-09-26,changchun,51,小毛毛雨,1,18.3,11.1,0.9,9.9,72,2026-09-24
2026-09-26,changsha,51,小毛毛雨,1,34.8,26.2,0.7,8.7,66,2026-09-24
2026-09-26,chengde,95,雷阵雨,1,21.8,14.0,20.7,10.2,91,2026-09-24
2026-09-26,chengdu,51,小毛毛雨,1,28.1,21.9,1.4,6.8,81,2026-09-24
2026-09-26,chifeng,81,强阵雨,1,17.1,11.8,7.7,8.0,81,2026-09-24
2026-09-26,chongqing,96,雷阵雨伴冰雹,1,30.8,23.2,10.9,11.1,82,2026-09-24
2026-09-26,dalian,51,小毛毛雨,1,24.6,19.5,1.1,14.8,73,2026-09-24
2026-09-26,eerduosi,51,小毛毛雨,1,26.1,12.2,0.2,21.4,58,2026-09-24
2026-09-26,fuzhou,1,基本晴朗,0,35.3,23.0,0.0,12.8,67,2026-09-24
2026-09-26,guangzhou,1,基本晴朗,0,33.8,24.5,0.0,12.5,70,2026-09-24
2026-09-26,guiyang,3,阴,0,29.8,19.5,0.0,19.2,68,2026-09-24
2026-09-26,haerbin,3,阴,0,17.2,9.6,0.0,11.7,76,2026-09-24
2026-09-26,haikou,95,雷阵雨,1,31.0,24.5,2.1,14.5,86,2026-09-24
2026-09-26,hangzhou,95,雷阵雨,1,35.5,24.9,3.9,10.0,75,2026-09-24
2026-09-26,hefei,95,雷阵雨,1,28.4,23.1,12.6,15.0,90,2026-09-24
2026-09-26,huhehaote,53,毛毛雨,1,22.8,11.9,2.6,14.2,73,2026-09-24
2026-09-26,jinan,3,阴,0,29.1,20.0,0.0,11.8,61,2026-09-24
2026-09-26,jiuquan,3,阴,0,24.0,12.8,0.0,8.9,29,2026-09-24
2026-09-26,kunming,3,阴,0,29.1,16.7,0.0,13.3,55,2026-09-24
2026-09-26,lanzhou,53,毛毛雨,1,25.6,13.5,1.9,12.0,73,2026-09-24
2026-09-26,lasa,51,小毛毛雨,1,17.6,7.2,0.3,6.5,70,2026-09-24
2026-09-26,liaocheng,3,阴,0,30.0,19.6,0.0,11.8,64,2026-09-24
2026-09-26,liupanshui,3,阴,0,27.2,16.2,0.0,19.0,78,2026-09-24
2026-09-26,nanchang,51,小毛毛雨,1,35.4,27.0,0.6,13.6,69,2026-09-24
2026-09-26,nanchong,55,浓毛毛雨,1,29.3,22.3,2.3,5.6,86,2026-09-24
2026-09-26,nanning,53,毛毛雨,1,31.2,24.7,1.3,11.7,82,2026-09-24
2026-09-26,shanghai,80,阵雨,1,31.4,25.1,3.0,9.4,79,2026-09-24
2026-09-26,shenyang,80,阵雨,1,21.0,16.4,7.2,9.9,86,2026-09-24
2026-09-26,shenzhen,53,毛毛雨,1,32.3,23.4,1.5,8.7,80,2026-09-24
2026-09-26,shijiazhuang,3,阴,0,27.1,17.1,0.0,8.0,84,2026-09-24
2026-09-26,taiyuan,51,小毛毛雨,1,26.3,15.5,0.1,10.4,73,2026-09-24
2026-09-26,tianjin,51,小毛毛雨,1,26.4,18.5,0.6,15.5,86,2026-09-24
2026-09-26,wuhai,3,阴,0,28.1,16.3,0.0,15.8,40,2026-09-24
2026-09-26,wuhan,53,毛毛雨,1,29.7,24.3,0.7,8.9,85,2026-09-24
2026-09-26,wulanhaote,3,阴,0,16.6,8.4,0.0,7.3,75,2026-09-24
2026-09-26,wulumuqi,3,阴,0,23.5,15.2,0.0,13.5,37,2026-09-24
2026-09-26,wuxi,81,强阵雨,1,27.7,23.5,6.2,20.1,91,2026-09-24
2026-09-26,xian,3,阴,0,24.7,18.5,0.0,8.7,87,2026-09-24
2026-09-26,xianyang,3,阴,0,25.3,18.8,0.0,8.3,83,2026-09-24
2026-09-26,xining,51,小毛毛雨,1,21.8,9.0,0.6,8.2,68,2026-09-24
2026-09-26,yanan,3,阴,0,24.8,14.5,0.0,11.0,78,2026-09-24
2026-09-26,yangzhou,95,雷阵雨,1,24.3,22.7,48.1,9.8,97,2026-09-24
2026-09-26,yantai,2,多云,0,26.7,16.3,0.0,20.1,70,2026-09-24
2026-09-26,yinchuan,3,阴,0,28.6,14.0,0.0,8.9,51,2026-09-24
2026-09-26,yulin,3,阴,0,25.6,13.4,0.0,12.1,71,2026-09-24
2026-09-26,zhangjiakou,80,阵雨,1,23.2,12.0,2.7,12.5,81,2026-09-24
2026-09-26,zhengzhou,3,阴,0,26.3,19.1,0.0,8.2,80,2026-09-24
2026-09-26,zibo,3,阴,0,29.3,18.5,0.0,10.8,66,2026-09-24
2026-09-27,baoding,51,小毛毛雨,1,27.1,18.1,0.4,10.6,72,2026-09-24
2026-09-27,baotou,3,阴,0,22.6,11.5,0.0,15.1,39,2026-09-24
2026-09-27,beijing,3,阴,0,25.3,18.1,0.0,6.8,78,2026-09-24
2026-09-27,botou,95,雷阵雨,1,25.1,19.4,3.0,16.4,83,2026-09-24
2026-09-27,cangzhou,55,浓毛毛雨,1,24.5,19.5,3.7,14.5,85,2026-09-24
2026-09-27,changchun,51,小毛毛雨,1,17.3,10.3,0.5,13.0,69,2026-09-24
2026-09-27,changsha,3,阴,0,35.3,25.5,0.0,11.2,67,2026-09-24
2026-09-27,chengde,3,阴,0,23.1,12.9,0.0,13.3,70,2026-09-24
2026-09-27,chengdu,51,小毛毛雨,1,28.9,22.4,1.9,7.7,83,2026-09-24
2026-09-27,chifeng,3,阴,0,20.8,10.5,0.0,15.6,61,2026-09-24
2026-09-27,chongqing,51,小毛毛雨,1,32.5,24.6,0.1,7.9,78,2026-09-24
2026-09-27,dalian,80,阵雨,1,23.7,17.9,5.1,16.9,79,2026-09-24
2026-09-27,eerduosi,3,阴,0,22.1,11.1,0.0,14.5,53,2026-09-24
2026-09-27,fuzhou,51,小毛毛雨,1,36.3,25.3,0.6,13.6,69,2026-09-24
2026-09-27,guangzhou,1,基本晴朗,0,34.3,24.3,0.0,11.2,69,2026-09-24
2026-09-27,guiyang,3,阴,0,28.8,19.4,0.0,22.7,70,2026-09-24
2026-09-27,haerbin,3,阴,0,15.9,6.9,0.0,7.0,80,2026-09-24
2026-09-27,haikou,95,雷阵雨,1,30.6,24.6,4.0,12.9,87,2026-09-24
2026-09-27,hangzhou,96,雷阵雨伴冰雹,1,30.8,24.8,5.4,8.3,87,2026-09-24
2026-09-27,hefei,95,雷阵雨,1,24.5,22.7,52.6,6.4,96,2026-09-24
2026-09-27,huhehaote,80,阵雨,1,22.0,9.6,1.7,14.4,65,2026-09-24
2026-09-27,jinan,53,毛毛雨,1,28.9,21.8,0.6,12.0,64,2026-09-24
2026-09-27,jiuquan,3,阴,0,22.7,12.9,0.0,15.0,29,2026-09-24
2026-09-27,kunming,3,阴,0,28.2,16.9,0.0,12.5,59,2026-09-24
2026-09-27,lanzhou,81,强阵雨,1,17.1,15.7,15.9,5.2,90,2026-09-24
2026-09-27,lasa,2,多云,0,18.9,8.2,0.0,9.6,61,2026-09-24
2026-09-27,liaocheng,3,阴,0,29.9,21.4,0.0,12.3,62,2026-09-24
2026-09-27,liupanshui,3,阴,0,27.6,16.6,0.0,20.8,80,2026-09-24
2026-09-27,nanchang,51,小毛毛雨,1,35.5,26.3,0.4,13.5,69,2026-09-24
2026-09-27,nanchong,51,小毛毛雨,1,30.5,23.3,0.6,16.1,84,2026-09-24
2026-09-27,nanning,53,毛毛雨,1,32.7,24.1,1.8,17.3,81,2026-09-24
2026-09-27,shanghai,95,雷阵雨,1,30.8,24.1,6.7,10.8,85,2026-09-24
2026-09-27,shenyang,51,小毛毛雨,1,20.4,13.5,0.4,11.6,69,2026-09-24
2026-09-27,shenzhen,51,小毛毛雨,1,32.3,24.9,0.4,11.6,77,2026-09-24
2026-09-27,shijiazhuang,80,阵雨,1,24.8,19.1,6.7,11.4,87,2026-09-24
2026-09-27,taiyuan,51,小毛毛雨,1,24.1,16.3,0.7,11.3,71,2026-09-24
2026-09-27,tianjin,95,雷阵雨,1,24.4,18.0,15.0,7.7,83,2026-09-24
2026-09-27,wuhai,3,阴,0,23.8,13.9,0.0,13.8,44,2026-09-24
2026-09-27,wuhan,95,雷阵雨,1,29.9,23.6,1.7,10.0,86,2026-09-24
2026-09-27,wulanhaote,55,浓毛毛雨,1,13.5,7.3,2.5,18.6,72,2026-09-24
2026-09-27,wulumuqi,3,阴,0,23.9,13.6,0.0,11.7,30,2026-09-24
2026-09-27,wuxi,95,雷阵雨,1,28.2,23.1,10.9,12.7,90,2026-09-24
2026-09-27,xian,80,阵雨,1,22.1,20.1,20.1,8.2,95,2026-09-24
2026-09-27,xianyang,80,阵雨,1,21.4,20.1,21.1,8.9,95,2026-09-24
2026-09-27,xining,55,浓毛毛雨,1,14.1,10.6,5.8,10.5,85,2026-09-24
2026-09-27,yanan,3,阴,0,22.6,14.2,0.0,12.4,80,2026-09-24
2026-09-27,yangzhou,95,雷阵雨,1,26.3,21.7,31.8,10.8,94,2026-09-24
2026-09-27,yantai,53,毛毛雨,1,26.4,18.4,1.1,15.6,80,2026-09-24
2026-09-27,yinchuan,3,阴,0,24.6,15.4,0.0,16.8,42,2026-09-24
2026-09-27,yulin,3,阴,0,22.2,15.0,0.0,14.7,64,2026-09-24
2026-09-27,zhangjiakou,2,多云,0,23.4,10.7,0.0,13.2,58,2026-09-24
2026-09-27,zhengzhou,51,小毛毛雨,1,23.8,18.7,1.6,6.8,86,2026-09-24
2026-09-27,zibo,53,毛毛雨,1,29.5,20.6,1.5,16.5,69,2026-09-24
2026-09-28,baoding,3,阴,0,24.1,17.5,0.0,11.0,69,2026-09-24
2026-09-28,baotou,3,阴,0,24.6,12.9,0.0,17.6,37,2026-09-24
2026-09-28,beijing,51,小毛毛雨,1,25.0,17.2,0.3,9.1,77,2026-09-24
2026-09-28,botou,53,毛毛雨,1,25.9,18.6,2.1,7.8,81,2026-09-24
2026-09-28,cangzhou,3,阴,0,27.2,18.7,0.0,9.5,77,2026-09-24
2026-09-28,changchun,0,晴,0,16.9,7.9,0.0,9.5,70,2026-09-24
2026-09-28,changsha,51,小毛毛雨,1,35.5,27.1,0.6,9.0,60,2026-09-24
2026-09-28,chengde,51,小毛毛雨,1,22.5,8.2,0.6,15.0,75,2026-09-24
2026-09-28,chengdu,53,毛毛雨,1,24.5,22.8,3.9,15.1,86,2026-09-24
2026-09-28,chifeng,51,小毛毛雨,1,21.5,6.7,0.3,17.8,60,2026-09-24
2026-09-28,chongqing,3,阴,0,32.7,25.8,0.0,10.0,77,2026-09-24
2026-09-28,dalian,3,阴,0,20.4,15.8,0.0,15.5,62,2026-09-24
2026-09-28,eerduosi,51,小毛毛雨,1,22.4,11.2,0.6,24.0,50,2026-09-24
2026-09-28,fuzhou,1,基本晴朗,0,37.1,26.3,0.0,13.8,69,2026-09-24
2026-09-28,guangzhou,51,小毛毛雨,1,34.2,25.5,3.0,9.9,73,2026-09-24
2026-09-28,guiyang,51,小毛毛雨,1,28.2,19.4,0.3,20.5,72,2026-09-24
2026-09-28,haerbin,51,小毛毛雨,1,16.5,6.5,0.3,10.9,76,2026-09-24
2026-09-28,haikou,51,小毛毛雨,1,30.9,24.7,0.3,13.4,85,2026-09-24
2026-09-28,hangzhou,3,阴,0,30.1,24.3,0.0,8.8,85,2026-09-24
2026-09-28,hefei,81,强阵雨,1,23.7,20.5,24.6,17.0,91,2026-09-24
2026-09-28,huhehaote,2,多云,0,22.6,9.6,0.0,13.1,56,2026-09-24
2026-09-28,jinan,81,强阵雨,1,25.4,19.2,11.7,9.6,82,2026-09-24
2026-09-28,jiuquan,2,多云,0,23.1,11.9,0.0,17.8,27,2026-09-24
2026-09-28,kunming,51,小毛毛雨,1,28.0,18.0,1.8,12.2,63,2026-09-24
2026-09-28,lanzhou,53,毛毛雨,1,15.5,13.6,8.1,6.8,86,2026-09-24
2026-09-28,lasa,1,基本晴朗,0,20.3,8.7,0.0,11.0,55,2026-09-24
2026-09-28,liaocheng,53,毛毛雨,1,27.8,20.0,4.8,16.7,77,2026-09-24
2026-09-28,liupanshui,3,阴,0,26.9,17.5,0.0,22.9,78,2026-09-24
2026-09-28,nanchang,3,阴,0,35.9,26.9,0.0,14.9,61,2026-09-24
2026-09-28,nanchong,95,雷阵雨,1,29.1,22.3,9.1,18.6,84,2026-09-24
2026-09-28,nanning,51,小毛毛雨,1,31.5,24.8,2.1,14.6,81,2026-09-24
2026-09-28,shanghai,80,阵雨,1,26.8,23.7,13.2,13.5,89,2026-09-24
2026-09-28,shenyang,1,基本晴朗,0,19.4,11.0,0.0,11.4,60,2026-09-24
2026-09-28,shenzhen,51,小毛毛雨,1,31.9,25.5,0.9,13.9,78,2026-09-24
2026-09-28,shijiazhuang,53,毛毛雨,1,23.4,17.9,2.4,7.9,86,2026-09-24
2026-09-28,taiyuan,53,毛毛雨,1,23.1,16.4,2.1,6.4,80,2026-09-24
2026-09-28,tianjin,3,阴,0,25.3,18.6,0.0,8.2,80,2026-09-24
2026-09-28,wuhai,3,阴,0,25.9,15.3,0.0,22.1,41,2026-09-24
2026-09-28,wuhan,51,小毛毛雨,1,30.2,24.0,0.6,12.3,86,2026-09-24
2026-09-28,wulanhaote,2,多云,0,16.0,4.2,0.0,20.8,53,2026-09-24
2026-09-28,wulumuqi,0,晴,0,24.1,14.0,0.0,12.5,35,2026-09-24
2026-09-28,wuxi,95,雷阵雨,1,26.1,23.2,30.6,15.8,88,2026-09-24
2026-09-28,xian,80,阵雨,1,20.0,18.4,18.0,10.8,97,2026-09-24
2026-09-28,xianyang,80,阵雨,1,20.4,18.2,19.2,9.6,93,2026-09-24
2026-09-28,xining,55,浓毛毛雨,1,13.5,8.5,6.1,9.3,81,2026-09-24
2026-09-28,yanan,61,小雨,1,18.0,12.6,5.3,8.1,79,2026-09-24
2026-09-28,yangzhou,81,强阵雨,1,23.4,21.2,36.6,15.3,91,2026-09-24
2026-09-28,yantai,3,阴,0,26.6,19.7,0.0,14.7,59,2026-09-24
2026-09-28,yinchuan,3,阴,0,23.9,16.6,0.0,18.8,45,2026-09-24
2026-09-28,yulin,51,小毛毛雨,1,20.9,14.0,0.6,15.1,72,2026-09-24
2026-09-28,zhangjiakou,51,小毛毛雨,1,24.0,9.2,0.6,13.2,62,2026-09-24
2026-09-28,zhengzhou,3,阴,0,23.6,20.7,0.0,6.8,90,2026-09-24
2026-09-28,zibo,80,阵雨,1,26.1,19.3,11.7,10.0,81,2026-09-24
2026-09-29,baoding,3,阴,0,28.8,17.3,0.0,13.5,65,2026-09-24
2026-09-29,baotou,1,基本晴朗,0,15.4,6.9,0.0,25.1,26,2026-09-24
2026-09-29,beijing,2,多云,0,25.6,16.0,0.0,18.6,55,2026-09-24
2026-09-29,botou,3,阴,0,29.6,18.9,0.0,20.7,58,2026-09-24
2026-09-29,cangzhou,53,毛毛雨,1,28.4,18.1,2.1,20.7,61,2026-09-24
2026-09-29,changchun,80,阵雨,1,15.4,6.5,10.8,23.7,68,2026-09-24
2026-09-29,changsha,3,阴,0,32.5,26.5,0.0,13.3,74,2026-09-24
2026-09-29,chengde,51,小毛毛雨,1,21.8,11.4,0.3,21.4,57,2026-09-24
2026-09-29,chengdu,3,阴,0,26.4,21.7,0.0,9.1,72,2026-09-24
2026-09-29,chifeng,2,多云,0,17.8,8.3,0.0,19.6,46,2026-09-24
2026-09-29,chongqing,51,小毛毛雨,1,26.9,23.9,0.6,12.9,86,2026-09-24
2026-09-29,dalian,81,强阵雨,1,24.4,15.3,11.7,20.7,73,2026-09-24
2026-09-29,eerduosi,0,晴,0,15.4,6.2,0.0,21.3,34,2026-09-24
2026-09-29,fuzhou,1,基本晴朗,0,37.8,26.2,0.0,14.1,69,2026-09-24
2026-09-29,guangzhou,51,小毛毛雨,1,35.3,25.9,0.3,8.3,73,2026-09-24
2026-09-29,guiyang,80,阵雨,1,29.1,19.3,8.7,16.5,78,2026-09-24
2026-09-29,haerbin,55,浓毛毛雨,1,16.4,7.8,5.1,19.1,69,2026-09-24
2026-09-29,haikou,2,多云,0,31.3,25.4,0.0,10.7,85,2026-09-24
2026-09-29,hangzhou,95,雷阵雨,1,32.9,24.1,2.1,12.2,80,2026-09-24
2026-09-29,hefei,51,小毛毛雨,1,28.2,21.8,3.6,13.3,88,2026-09-24
2026-09-29,huhehaote,1,基本晴朗,0,15.7,7.4,0.0,17.7,35,2026-09-24
2026-09-29,jinan,51,小毛毛雨,1,27.6,20.8,0.3,18.7,73,2026-09-24
2026-09-29,jiuquan,1,基本晴朗,0,19.6,10.6,0.0,13.9,29,2026-09-24
2026-09-29,kunming,51,小毛毛雨,1,26.3,17.8,0.9,13.0,64,2026-09-24
2026-09-29,lanzhou,3,阴,0,21.0,12.0,0.0,11.8,67,2026-09-24
2026-09-29,lasa,1,基本晴朗,0,20.2,9.0,0.0,7.6,51,2026-09-24
2026-09-29,liaocheng,3,阴,0,29.0,22.0,0.0,23.7,69,2026-09-24
2026-09-29,liupanshui,95,雷阵雨,1,27.3,17.4,9.0,9.4,84,2026-09-24
2026-09-29,nanchang,51,小毛毛雨,1,36.4,26.5,1.5,11.5,67,2026-09-24
2026-09-29,nanchong,95,雷阵雨,1,26.6,20.7,39.9,14.9,83,2026-09-24
2026-09-29,nanning,95,雷阵雨,1,31.0,25.2,3.3,16.8,87,2026-09-24
2026-09-29,shanghai,51,小毛毛雨,1,29.1,23.9,2.4,9.2,84,2026-09-24
2026-09-29,shenyang,80,阵雨,1,19.3,9.4,11.7,16.0,74,2026-09-24
2026-09-29,shenzhen,51,小毛毛雨,1,32.7,26.0,0.9,12.8,79,2026-09-24
2026-09-29,shijiazhuang,3,阴,0,29.4,19.3,0.0,14.3,67,2026-09-24
2026-09-29,taiyuan,3,阴,0,26.0,14.3,0.0,18.0,58,2026-09-24
2026-09-29,tianjin,51,小毛毛雨,1,25.1,17.0,0.6,14.6,66,2026-09-24
2026-09-29,wuhai,1,基本晴朗,0,18.6,10.4,0.0,16.6,33,2026-09-24
2026-09-29,wuhan,95,雷阵雨,1,28.4,22.2,14.1,12.1,83,2026-09-24
2026-09-29,wulanhaote,51,小毛毛雨,1,13.2,6.8,0.6,24.7,47,2026-09-24
2026-09-29,wulumuqi,1,基本晴朗,0,24.5,11.7,0.0,11.2,33,2026-09-24
2026-09-29,wuxi,80,阵雨,1,28.8,22.9,7.8,14.8,87,2026-09-24
2026-09-29,xian,55,浓毛毛雨,1,23.8,17.0,8.1,8.2,86,2026-09-24
2026-09-29,xianyang,55,浓毛毛雨,1,23.9,17.3,8.1,10.9,84,2026-09-24
2026-09-29,xining,3,阴,0,18.4,5.0,0.0,21.0,71,2026-09-24
2026-09-29,yanan,3,阴,0,24.7,10.9,0.0,8.9,70,2026-09-24
2026-09-29,yangzhou,51,小毛毛雨,1,26.8,21.4,2.1,13.0,91,2026-09-24
2026-09-29,yantai,80,阵雨,1,27.6,19.3,10.2,23.9,69,2026-09-24
2026-09-29,yinchuan,1,基本晴朗,0,24.2,12.8,0.0,20.3,33,2026-09-24
2026-09-29,yulin,2,多云,0,20.9,10.3,0.0,22.6,47,2026-09-24
2026-09-29,zhangjiakou,53,毛毛雨,1,19.0,8.3,2.4,23.4,48,2026-09-24
2026-09-29,zhengzhou,51,小毛毛雨,1,23.1,20.5,1.2,16.2,83,2026-09-24
2026-09-29,zibo,53,毛毛雨,1,28.3,19.9,3.9,15.6,77,2026-09-24
2026-09-30,baoding,3,阴,0,22.1,14.6,0.0,17.8,25,2026-09-24
2026-09-30,baotou,0,晴,0,13.2,4.6,0.0,13.9,24,2026-09-24
2026-09-30,beijing,0,晴,0,20.3,13.2,0.0,19.7,17,2026-09-24
2026-09-30,botou,0,晴,0,20.8,12.4,0.0,24.6,28,2026-09-24
2026-09-30,cangzhou,0,晴,0,20.6,14.3,0.0,23.2,28,2026-09-24
2026-09-30,changchun,1,基本晴朗,0,12.4,6.4,0.0,28.5,45,2026-09-24
2026-09-30,changsha,53,毛毛雨,1,27.7,24.4,4.2,17.5,78,2026-09-24
2026-09-30,chengde,0,晴,0,15.8,8.0,0.0,25.1,30,2026-09-24
2026-09-30,chengdu,3,阴,0,27.8,20.5,0.0,14.3,69,2026-09-24
2026-09-30,chifeng,0,晴,0,14.6,7.2,0.0,24.0,26,2026-09-24
2026-09-30,chongqing,55,浓毛毛雨,1,23.7,21.7,12.6,12.4,90,2026-09-24
2026-09-30,dalian,3,阴,0,19.1,16.0,0.0,24.0,53,2026-09-24
2026-09-30,eerduosi,0,晴,0,12.9,3.3,0.0,18.1,31,2026-09-24
2026-09-30,fuzhou,95,雷阵雨,1,37.8,28.1,2.1,6.7,68,2026-09-24
2026-09-30,guangzhou,95,雷阵雨,1,34.2,26.6,2.7,7.6,79,2026-09-24
2026-09-30,guiyang,80,阵雨,1,24.1,18.5,11.4,14.8,82,2026-09-24
2026-09-30,haerbin,85,阵雪,1,11.9,5.5,6.6,23.2,60,2026-09-24
2026-09-30,haikou,3,阴,0,31.3,26.3,0.0,9.5,84,2026-09-24
2026-09-30,hangzhou,96,雷阵雨伴冰雹,1,29.5,23.6,10.5,15.4,83,2026-09-24
2026-09-30,hefei,53,毛毛雨,1,24.0,20.6,4.5,13.3,85,2026-09-24
2026-09-30,huhehaote,0,晴,0,13.0,4.8,0.0,10.3,32,2026-09-24
2026-09-30,jinan,2,多云,0,20.2,14.3,0.0,17.2,33,2026-09-24
2026-09-30,jiuquan,0,晴,0,19.6,6.8,0.0,11.8,31,2026-09-24
2026-09-30,kunming,80,阵雨,1,23.4,16.7,12.0,7.5,80,2026-09-24
2026-09-30,lanzhou,3,阴,0,20.0,11.5,0.0,4.2,57,2026-09-24
2026-09-30,lasa,2,多云,0,19.8,9.0,0.0,5.5,50,2026-09-24
2026-09-30,liaocheng,1,基本晴朗,0,22.3,14.7,0.0,23.1,30,2026-09-24
2026-09-30,liupanshui,80,阵雨,1,20.9,14.8,16.8,17.7,85,2026-09-24
2026-09-30,nanchang,53,毛毛雨,1,29.2,24.0,3.9,23.1,78,2026-09-24
2026-09-30,nanchong,53,毛毛雨,1,26.9,20.7,3.3,17.0,76,2026-09-24
2026-09-30,nanning,95,雷阵雨,1,33.7,25.7,10.2,8.7,85,2026-09-24
2026-09-30,shanghai,53,毛毛雨,1,27.0,22.9,4.5,14.7,85,2026-09-24
2026-09-30,shenyang,0,晴,0,16.2,8.2,0.0,18.1,49,2026-09-24
2026-09-30,shenzhen,95,雷阵雨,1,32.5,26.6,2.1,9.7,78,2026-09-24
2026-09-30,shijiazhuang,0,晴,0,21.0,14.6,0.0,9.7,42,2026-09-24
2026-09-30,taiyuan,0,晴,0,19.3,10.9,0.0,18.0,34,2026-09-24
2026-09-30,tianjin,0,晴,0,18.4,13.1,0.0,16.8,34,2026-09-24
2026-09-30,wuhai,0,晴,0,16.3,7.9,0.0,9.0,40,2026-09-24
2026-09-30,wuhan,51,小毛毛雨,1,25.5,21.5,3.6,19.1,80,2026-09-24
2026-09-30,wulanhaote,51,小毛毛雨,1,11.3,6.6,1.2,28.2,48,2026-09-24
2026-09-30,wulumuqi,0,晴,0,24.7,11.6,0.0,14.9,29,2026-09-24
2026-09-30,wuxi,53,毛毛雨,1,25.9,21.1,3.6,17.6,82,2026-09-24
2026-09-30,xian,3,阴,0,22.6,15.5,0.0,11.0,62,2026-09-24
2026-09-30,xianyang,3,阴,0,22.5,15.4,0.0,13.0,56,2026-09-24
2026-09-30,xining,3,阴,0,16.1,8.6,0.0,17.9,54,2026-09-24
2026-09-30,yanan,3,阴,0,15.2,9.8,0.0,16.8,40,2026-09-24
2026-09-30,yangzhou,51,小毛毛雨,1,23.6,19.8,3.3,14.5,85,2026-09-24
2026-09-30,yantai,3,阴,0,21.1,13.5,0.0,28.0,56,2026-09-24
2026-09-30,yinchuan,0,晴,0,17.6,7.2,0.0,14.9,33,2026-09-24
2026-09-30,yulin,0,晴,0,14.5,6.6,0.0,15.5,38,2026-09-24
2026-09-30,zhangjiakou,0,晴,0,14.7,6.2,0.0,25.1,26,2026-09-24
2026-09-30,zhengzhou,3,阴,0,21.5,15.4,0.0,16.8,51,2026-09-24
2026-09-30,zibo,51,小毛毛雨,1,19.8,12.2,1.2,18.7,45,2026-09-24
